time_sec,cpu_percent,memory_mb
96.87,0.00,4858.71
96.90,6.90,4868.55
97.00,4.50,4896.55
97.10,5.00,4926.55
97.20,5.50,4954.55
97.30,4.50,4984.55
97.40,5.00,5012.55
97.50,5.00,5042.55
97.60,5.50,5070.55
97.70,5.00,5100.55
97.80,5.00,5130.55
97.90,5.50,5158.55
98.00,4.50,5188.55
98.10,5.00,5216.55
98.20,5.00,5246.55
98.30,5.50,5274.55
98.40,5.00,5304.55
98.50,5.00,5334.55
98.60,5.00,5362.55
98.70,5.00,5392.55
98.80,5.00,5420.55
98.90,5.00,5450.55
99.00,5.00,5478.55
99.10,5.00,5508.55
99.20,5.50,5536.55
99.30,5.00,5566.55
99.40,5.00,5594.55
99.50,4.50,5624.55
99.60,5.50,5652.55
99.70,5.00,5682.55
99.80,5.00,5712.55
99.90,5.50,5740.55
100.00,4.50,5770.55
100.10,5.00,5798.55
100.20,5.50,2261.53
100.30,4.50,2947.53
100.40,5.00,3635.53
100.50,5.00,4321.53
100.60,5.50,5007.53
100.70,5.00,5695.53
100.80,5.50,6381.53
100.90,4.50,7067.53
101.00,5.00,7753.53
101.10,5.00,8439.53
101.20,5.50,9125.53
101.30,5.00,8783.26
101.40,5.00,9265.26
101.50,5.00,9745.26
101.60,5.00,10227.26
101.70,5.00,10707.26
101.80,5.00,11187.26
101.90,5.00,11669.26
102.00,5.00,12149.26
102.10,5.00,12629.26
102.20,5.50,13113.26
102.30,4.50,13593.26
102.40,5.50,14075.26
102.50,5.00,14555.26
102.60,5.00,15035.26
102.70,5.00,15517.26
102.80,5.00,15999.26
102.90,5.00,16450.66
103.00,5.00,16862.66
103.10,5.00,17274.66
103.20,5.50,17688.66
103.30,4.50,18100.66
103.40,5.50,18512.66
103.50,5.00,18926.66
103.60,4.50,19338.66
103.70,5.50,19754.66
103.80,5.00,20166.66
103.90,5.00,20580.66
104.00,5.50,20994.66
104.10,5.00,21408.66
104.20,4.50,21822.66
104.30,5.00,22236.66
104.40,5.50,22648.66
104.50,5.00,23062.66
104.60,5.00,23476.66
104.70,5.00,23890.66
104.80,5.00,16424.66
104.90,5.00,16618.10
105.00,5.00,16812.95
105.10,5.00,17009.66
105.20,5.50,17208.10
105.30,5.00,17406.70
105.40,5.00,17605.29
105.50,4.50,17803.10
105.60,5.50,18002.16
105.70,5.00,18201.54
105.80,5.00,18402.01
105.90,5.00,18601.23
106.00,5.00,18801.70
106.10,5.00,19001.85
106.20,5.00,19204.04
106.30,5.50,19405.60
106.40,5.00,19607.79
106.50,4.50,19809.35
106.60,5.50,20011.38
106.70,5.00,20213.26
106.80,5.00,20415.13
106.90,5.50,20617.95
107.00,4.50,20820.13
107.10,5.00,21021.54
107.20,5.00,21222.79
107.30,5.00,21425.13
107.40,5.50,21627.48
107.50,5.00,21829.04
107.60,5.00,22030.13
107.70,5.00,22230.29
107.80,5.00,22430.29
107.90,5.00,22629.51
108.00,5.50,22826.85
108.10,4.50,23022.95
108.20,5.50,23223.88
108.30,5.00,23424.35
108.40,5.00,23620.29
108.50,5.00,23815.60
108.60,4.50,24009.04
108.70,5.50,24222.01
108.80,5.00,24434.98
108.90,5.00,24648.10
109.00,5.00,24862.48
109.10,5.00,25076.23
109.20,5.50,25290.13
109.30,5.00,25504.04
109.40,4.50,25717.95
109.50,5.50,25931.38
109.60,5.00,26145.45
109.70,5.00,26359.20
109.80,5.00,26573.10
109.90,5.00,26786.54
110.00,5.00,27000.60
110.10,5.50,27215.45
110.20,4.50,27430.13
110.30,5.00,27644.20
110.40,5.50,27857.95
110.50,5.00,28071.70
110.60,4.50,28284.51
110.70,5.50,28497.32
110.80,5.00,28710.13
110.90,5.00,28922.79
111.00,5.50,29136.70
111.10,4.50,29350.60
111.20,5.00,29563.88
111.30,5.50,29777.16
111.40,5.00,29990.45
111.50,4.50,30203.41
111.60,5.50,30416.85
111.70,5.00,30629.98
111.80,5.00,30843.73
111.90,5.00,31058.10
112.00,5.00,31272.01
112.10,5.00,31485.45
112.20,5.00,31695.60
112.30,5.50,31896.38
112.40,4.50,32097.32
112.50,5.50,32297.95
112.60,5.00,32498.26
112.70,5.00,32698.57
112.80,5.00,32899.20
112.90,5.00,33099.98
113.00,5.50,33300.91
113.10,4.50,33502.01
113.20,5.50,33701.85
113.30,5.00,33903.10
113.40,4.50,34103.73
113.50,5.00,34304.66
113.60,5.50,34504.98
113.70,5.00,34705.91
113.80,5.00,34907.16
113.90,5.00,35107.32
114.00,5.00,35308.41
114.10,5.50,35508.88
114.20,5.00,35709.98
114.30,4.50,35911.54
114.40,5.00,36111.23
114.50,5.50,36311.38
114.60,5.00,36512.16
114.70,5.00,36713.26
114.80,5.00,36914.20
114.90,5.00,37115.29
115.00,5.00,37316.70
115.10,5.50,37518.57
115.20,4.50,37718.88
115.30,5.50,37919.51
115.40,5.00,38120.60
115.50,5.00,38321.23
115.60,5.00,38522.79
115.70,5.00,38723.88
115.80,5.00,38924.82
115.90,5.00,39125.13
116.00,5.00,39326.85
116.10,5.00,39344.20
116.20,5.00,39344.20
116.30,5.00,39344.20
116.40,5.00,39344.20
116.50,5.00,39344.20
116.60,5.00,39344.20
116.70,5.00,39344.20
116.80,5.00,39344.20
116.90,5.00,39344.20
117.00,5.00,39344.20
117.10,5.00,39344.20
117.20,5.00,39344.20
117.30,5.00,39344.20
117.40,5.00,39344.20
117.50,5.00,39344.20
117.60,5.00,39344.20
117.70,5.00,39344.20
117.80,5.00,39344.20
117.90,5.00,39344.20
118.00,5.00,39344.20
118.10,5.00,39344.20
118.20,5.00,39344.20
118.30,5.00,39344.20
118.40,5.00,39344.20
118.50,5.00,39344.20
118.60,5.00,39344.20
118.70,5.00,39344.20
118.80,5.00,39344.20
118.90,5.00,39344.20
119.00,5.00,39344.20
119.10,5.00,39344.20
119.20,5.00,39344.20
119.30,5.50,39344.20
119.40,5.00,39344.20
119.50,5.00,39344.20
119.60,5.00,39344.20
119.70,5.00,39344.20
119.80,5.00,39344.20
119.90,5.00,39344.20
120.00,5.00,39344.20
120.10,5.00,39344.20
120.20,5.00,39344.20
120.30,5.00,39344.20
120.40,5.00,39344.20
120.50,5.00,39344.20
120.60,5.00,39344.20
120.70,5.00,39344.20
120.80,5.00,39344.20
120.90,5.50,39344.20
121.00,5.00,39344.20
121.10,5.00,39344.20
121.20,5.00,39344.20
121.30,5.00,39344.20
121.40,5.00,39344.20
121.50,5.00,39344.20
121.60,5.00,39344.20
121.70,5.00,39344.20
121.80,5.00,39344.20
121.90,5.00,39344.20
122.00,5.00,39344.20
122.10,5.00,39344.20
122.20,5.00,39344.20
122.30,5.50,39344.20
122.40,5.00,39344.20
122.50,5.50,39344.20
122.60,5.00,39344.20
122.70,5.00,39344.20
122.80,5.00,39344.20
122.90,5.00,39344.20
123.00,5.00,39344.20
123.10,5.00,39344.20
123.20,5.00,39344.20
123.30,5.00,39344.20
123.40,5.00,39344.20
123.50,5.00,39344.20
123.60,5.00,39344.20
123.70,5.00,39344.20
123.80,5.00,39344.20
123.90,5.00,39344.20
124.00,5.00,39344.20
124.10,5.00,39344.20
124.20,5.50,39344.20
124.30,5.00,39344.20
124.40,5.00,39344.20
124.50,5.00,39344.20
124.60,5.00,39344.20
124.70,5.00,39344.20
124.80,5.00,39344.20
124.90,5.00,39344.20
125.00,5.00,39344.20
125.10,5.00,39344.20
125.20,5.00,39344.20
125.30,5.00,39344.20
125.40,5.50,39344.20
125.50,5.00,39344.20
125.60,5.00,39344.20
125.70,5.00,39344.20
125.80,5.00,39344.20
125.90,5.00,39344.20
126.00,5.00,39344.20
126.10,5.00,39344.20
126.20,5.50,39344.20
126.30,5.50,39344.20
126.40,5.00,39344.20
126.50,5.00,39344.20
126.60,5.00,39344.20
126.70,5.50,39344.20
126.80,5.00,39344.20
126.90,5.00,39344.20
127.00,5.00,39344.20
127.10,5.00,39344.20
127.20,5.00,39344.20
127.30,5.00,39344.20
127.40,5.00,39344.20
127.50,5.00,39344.20
127.60,5.00,39344.20
127.70,5.00,39344.20
127.80,5.50,39344.20
127.90,5.00,39344.20
128.00,5.00,39344.20
128.10,5.00,39344.20
128.20,5.00,39344.20
128.30,5.00,39344.20
128.40,5.00,39344.20
128.50,5.00,39344.20
128.60,5.00,39344.20
128.70,5.00,39344.20
128.80,5.00,39344.20
128.90,5.00,39344.20
129.00,5.50,39344.20
129.10,5.00,39344.20
129.20,5.00,39344.20
129.30,5.00,39344.20
129.40,5.00,39344.20
129.50,5.00,39344.20
129.60,5.00,39344.20
129.70,5.00,39344.20
129.80,5.00,39344.20
129.90,5.00,39344.20
130.00,5.50,39344.20
130.10,5.00,39344.20
130.20,5.00,39344.20
130.30,5.00,39344.20
130.40,5.00,39344.20
130.50,5.00,39344.20
130.60,5.00,39344.20
130.70,5.00,39344.20
130.80,5.00,39344.20
130.90,5.00,39344.20
131.00,5.00,39344.20
131.10,5.50,39344.20
131.20,5.00,39344.20
131.30,5.00,39344.20
131.40,5.00,39344.20
131.50,5.00,39344.20
131.60,5.00,39344.20
131.70,5.00,39344.20
131.80,5.00,39344.20
131.90,5.00,39344.20
132.00,5.00,39344.20
132.10,5.00,39344.20
132.20,5.50,39344.20
132.30,5.00,39344.20
132.40,5.00,39344.20
132.50,5.00,39344.20
132.60,5.00,39344.20
132.70,5.00,39344.20
132.80,5.00,39344.20
132.90,5.00,39344.20
133.00,5.00,39344.20
133.10,5.00,39344.20
133.20,5.50,39344.20
133.30,5.00,39344.20
133.40,5.00,39344.20
133.50,5.00,39344.20
133.60,5.00,39344.20
133.70,5.00,39344.20
133.80,5.00,39344.20
133.90,5.50,39344.20
134.00,5.00,39344.20
134.10,5.00,39344.20
134.20,5.00,39344.20
134.30,5.00,39344.20
134.40,5.00,39344.20
134.50,5.00,39344.20
134.60,5.00,39344.20
134.70,5.00,39344.20
134.80,5.00,39344.20
134.90,5.00,39344.20
135.00,5.50,39344.20
135.10,5.00,39344.20
135.20,5.00,39344.20
135.30,5.00,39344.20
135.40,5.00,39344.20
135.50,5.00,39344.20
135.60,5.00,39344.20
135.70,5.00,39344.20
135.80,5.00,39344.20
135.90,5.00,39344.20
136.00,5.50,39344.20
136.10,5.00,39344.20
136.20,5.00,39344.20
136.30,5.00,39344.20
136.40,5.00,39344.20
136.50,5.00,39344.20
136.60,5.00,39344.20
136.70,5.00,39344.20
136.80,5.00,39344.20
136.90,5.00,39344.20
137.00,5.50,39344.20
137.10,5.00,39344.20
137.20,5.00,39344.20
137.30,5.00,39344.20
137.40,5.00,39344.20
137.50,5.00,39344.20
137.60,5.00,39344.20
137.70,5.00,39344.20
137.80,5.00,39344.20
137.90,5.00,39344.20
138.00,5.00,39344.20
138.10,5.00,39116.93
138.20,5.00,36912.23
138.30,5.00,34684.64
138.40,5.00,32449.55
138.50,5.00,31970.22
138.60,5.50,32464.22
138.70,4.50,32956.22
138.80,5.50,33448.22
138.90,5.00,33942.22
139.00,5.00,34434.22
139.10,5.00,34928.22
139.20,5.00,35420.22
139.30,5.00,35912.22
139.40,5.50,36406.22
139.50,4.50,36898.22
139.60,5.00,37392.22
139.70,5.50,37886.22
139.80,5.00,38378.22
139.90,5.00,38872.22
140.00,5.00,39230.57
140.10,5.00,37033.37
140.20,5.00,34949.82
140.30,5.50,32822.22
140.40,4.50,24080.94
140.50,5.50,24310.62
140.60,5.00,24540.94
140.70,5.00,24771.41
140.80,4.50,25001.56
140.90,5.50,25228.59
141.00,5.00,25457.34
141.10,5.00,25685.31
141.20,5.00,25913.12
141.30,5.00,26140.16
141.40,5.00,26367.50
141.50,5.00,26594.38
141.60,5.00,26822.19
141.70,5.00,27049.53
141.80,5.50,27276.09
141.90,5.00,27501.41
142.00,4.50,27727.19
142.10,5.50,27953.59
142.20,5.00,28182.03
142.30,5.00,28408.28
142.40,5.00,28636.25
142.50,5.00,28864.84
142.60,5.50,29093.75
142.70,5.00,29319.06
142.80,5.00,29547.34
142.90,5.00,29774.84
143.00,5.00,30002.34
143.10,5.00,30230.00
143.20,5.00,30457.19
143.30,5.50,30684.22
143.40,5.00,30910.62
143.50,5.00,31137.81
143.60,5.00,31364.53
143.70,5.00,31591.88
143.80,5.00,31807.97
143.90,5.00,32011.56
144.00,5.00,32213.91
144.10,5.00,32416.72
144.20,5.00,32619.69
144.30,5.00,32823.44
144.40,5.00,33026.09
144.50,5.00,33228.91
144.60,5.50,33431.88
144.70,4.50,33634.69
144.80,5.50,33837.19
144.90,5.00,34040.62
145.00,5.00,34244.06
145.10,5.00,34447.34
145.20,5.00,34650.78
145.30,5.50,34854.06
145.40,5.00,35057.19
145.50,5.00,35259.84
145.60,5.00,35462.34
145.70,5.00,35665.94
145.80,5.00,35869.06
145.90,5.00,36071.41
146.00,5.00,36273.75
146.10,5.00,36476.88
146.20,5.00,36679.69
146.30,5.50,36882.50
146.40,4.50,37083.12
146.50,5.00,37283.59
146.60,5.50,37484.53
146.70,5.00,37685.31
146.80,5.00,37886.56
146.90,5.00,38087.97
147.00,5.00,38289.06
147.10,5.00,38489.84
147.20,5.00,38690.78
147.30,5.00,38891.72
147.40,5.50,39092.97
147.50,5.00,39294.06
147.60,5.00,39394.22
147.70,5.00,39394.22
147.80,5.00,39394.22
147.90,5.00,39394.22
148.00,5.00,39394.22
148.10,5.00,39394.22
148.20,5.00,39394.22
148.30,5.00,39394.22
148.40,5.00,39394.22
148.50,5.00,39394.22
148.60,5.00,39394.22
148.70,5.00,39394.22
148.80,5.00,39394.22
148.90,5.00,39394.22
149.00,5.00,39394.22
149.10,5.00,39394.22
149.20,5.00,39394.22
149.30,5.00,39394.22
149.40,5.00,39394.22
149.50,5.00,39394.22
149.60,5.00,39394.22
149.70,5.00,39394.22
149.80,5.00,39394.22
149.90,5.00,39394.22
150.00,5.00,39394.22
150.10,5.00,39394.22
150.20,5.00,39394.22
150.30,5.00,39394.22
150.40,5.00,39394.22
150.50,5.00,39394.22
150.60,5.00,39394.22
150.70,5.00,39394.22
150.80,5.00,39394.22
150.90,5.00,39394.22
151.00,5.00,39394.22
151.10,5.00,39394.22
151.20,5.00,39394.22
151.30,5.00,39394.22
151.40,5.00,39394.22
151.50,5.00,39394.22
151.60,5.00,39394.22
151.70,5.00,39394.22
151.80,5.00,39394.22
151.90,5.00,39394.22
152.00,5.00,39394.22
152.10,5.00,39394.22
152.20,5.00,39394.22
152.30,5.50,39394.22
152.40,5.00,39394.22
152.50,5.00,39394.22
152.60,5.00,39394.22
152.70,5.00,39394.22
152.80,5.00,39394.22
152.90,5.00,39394.22
153.00,5.00,39394.22
153.10,5.00,39394.22
153.20,5.00,39394.22
153.30,5.00,39394.22
153.40,5.00,39394.22
153.50,5.00,39394.22
153.60,5.00,39394.22
153.70,5.00,39394.22
153.80,5.00,39394.22
153.90,5.00,39394.22
154.00,5.00,39394.22
154.10,5.00,39394.22
154.20,5.00,39394.22
154.30,5.00,39394.22
154.40,5.00,39394.22
154.50,5.00,39394.22
154.60,5.00,39394.22
154.70,5.50,39394.22
154.80,5.00,39394.22
154.90,5.00,39394.22
155.00,5.00,39394.22
155.10,5.00,39394.22
155.20,5.00,39394.22
155.30,5.00,39394.22
155.40,5.00,39394.22
155.50,5.00,39394.22
155.60,5.00,39394.22
155.70,5.00,39394.22
155.80,5.00,39394.22
155.90,5.50,39394.22
156.00,5.00,39394.22
156.10,5.00,39394.22
156.20,5.00,39394.22
156.30,5.00,39394.22
156.40,5.00,39394.22
156.50,5.00,39394.22
156.60,5.00,39394.22
156.70,5.00,39394.22
156.80,5.00,39394.22
156.90,5.00,39394.22
157.00,5.50,39394.22
157.10,5.00,39394.22
157.20,5.00,39394.22
157.30,5.00,39394.22
157.40,5.00,39394.22
157.50,5.00,39394.22
157.60,5.00,39394.22
157.70,5.00,39394.22
157.80,5.00,39394.22
157.90,5.00,39394.22
158.00,5.50,39394.22
158.10,5.00,39394.22
158.20,5.00,39394.22
158.30,5.00,39394.22
158.40,5.00,39394.22
158.50,5.50,39394.22
158.60,5.00,39394.22
158.70,5.00,39394.22
158.80,5.00,39394.22
158.90,5.00,39394.22
159.00,5.00,39394.22
159.10,5.00,39394.22
159.20,5.00,39394.22
159.30,5.00,39394.22
159.40,5.00,39394.22
159.50,5.00,39394.22
159.60,5.50,39394.22
159.70,5.00,39394.22
159.80,5.00,39394.22
159.90,5.00,39394.22
160.00,5.00,39394.22
160.10,5.00,39394.22
160.20,5.00,39394.22
160.30,5.00,39394.22
160.40,5.00,39394.22
160.50,5.00,39394.22
160.60,5.50,39394.22
160.70,5.00,39394.22
160.80,5.00,39394.22
160.90,5.00,39394.22
161.00,5.00,39394.22
161.10,5.00,39394.22
161.20,5.00,39394.22
161.30,5.00,39394.22
161.40,5.00,39394.22
161.50,5.50,39394.22
161.60,5.00,39394.22
161.70,5.00,39394.22
161.80,5.00,39394.22
161.90,5.00,39394.22
162.00,5.00,39394.22
162.10,5.00,39394.22
162.20,5.00,39394.22
162.30,5.00,39394.22
162.40,5.00,39394.22
162.50,5.50,39394.22
162.60,5.00,39394.22
162.70,5.00,39394.22
162.80,5.00,39394.22
162.90,5.00,39394.22
163.00,5.00,39394.22
163.10,5.00,39394.22
163.20,5.00,39394.22
163.30,5.00,39394.22
163.40,5.00,39394.22
163.50,5.50,39394.22
163.60,5.00,39394.22
163.70,5.00,39394.22
163.80,5.00,39394.22
163.90,5.00,39394.22
164.00,5.00,39394.22
164.10,5.00,39394.22
164.20,5.00,39394.22
164.30,5.00,39394.22
164.40,5.00,39394.22
164.50,5.00,39394.22
164.60,5.00,39394.22
164.70,5.00,39394.22
164.80,5.00,39394.22
164.90,5.00,39394.22
165.00,5.00,39394.22
165.10,5.50,39394.22
165.20,5.00,39394.22
165.30,5.00,39394.22
165.40,5.00,39394.22
165.50,5.00,39394.22
165.60,5.00,39394.22
165.70,5.00,39394.22
165.80,5.00,39394.22
165.90,5.00,39394.22
166.00,5.00,39394.22
166.10,5.50,39394.22
166.20,5.00,39394.22
166.30,5.00,39394.22
166.40,5.00,39394.22
166.50,5.00,39394.22
166.60,5.00,39394.22
166.70,5.00,39394.22
166.80,5.00,39394.22
166.90,5.00,39394.22
167.00,5.00,39394.22
167.10,5.50,39394.22
167.20,5.00,39394.22
167.30,5.00,39394.22
167.40,5.00,39394.22
167.50,5.00,39394.22
167.60,5.00,39394.22
167.70,5.00,39394.22
167.80,5.00,39394.22
167.90,5.00,39394.22
168.00,5.00,39394.22
168.10,5.00,39394.22
168.20,5.00,39394.22
168.30,5.00,39394.22
168.40,5.50,39394.22
168.50,5.00,39394.22
168.60,5.00,39394.22
168.70,5.00,39394.22
168.80,5.00,39394.22
168.90,5.00,39394.22
169.00,5.00,39394.22
169.10,5.00,39394.22
169.20,5.00,39394.22
169.30,5.00,39394.22
169.40,5.00,39394.22
169.50,5.00,39394.22
169.60,5.50,39242.71
169.70,5.00,37045.50
169.80,5.00,34886.24
169.90,5.00,32720.24
170.00,5.00,31970.23
170.10,5.00,32460.23
170.20,5.00,32952.23
170.30,5.50,33438.23
170.40,4.50,33928.23
170.50,5.00,34418.23
170.60,5.00,34906.23
170.70,5.50,35396.23
170.80,5.00,35886.23
170.90,5.00,36374.23
171.00,5.00,36864.23
171.10,5.00,37352.23
171.20,5.00,37840.23
171.30,5.00,38330.23
171.40,5.00,38820.23
171.50,5.00,39308.23
171.60,5.00,37596.23
171.70,5.50,35560.23
171.80,5.00,33438.23
171.90,5.00,31774.23
172.00,5.00,32134.23
172.10,5.00,32496.23
172.20,5.00,32854.23
172.30,5.00,33210.23
172.40,5.00,33564.23
172.50,5.50,33920.23
172.60,4.50,34276.23
172.70,5.50,34634.23
172.80,4.50,34992.23
172.90,5.50,35356.23
173.00,5.00,35716.23
173.10,5.00,36078.23
173.20,5.00,36440.23
173.30,5.50,36802.23
173.40,4.50,37164.23
173.50,5.50,37526.23
173.60,4.50,37886.23
173.70,5.50,38248.23
173.80,5.00,38610.23
173.90,5.00,38970.23
174.00,5.00,39332.23
174.10,5.00,39574.07
174.20,5.00,39792.04
174.30,5.50,40008.45
174.40,4.50,40223.45
174.50,5.50,40438.60
174.60,4.50,40654.85
174.70,5.00,40870.16
174.80,5.50,41086.10
174.90,5.00,41301.10
175.00,5.00,41517.20
175.10,5.00,41732.82
175.20,5.00,41947.04
175.30,5.50,42163.13
175.40,4.50,42378.76
175.50,5.00,42594.07
175.60,5.00,42810.16
175.70,5.50,43026.41
175.80,5.00,43242.66
175.90,5.00,43458.91
176.00,5.00,43675.48
176.10,5.00,43891.26
176.20,5.00,44107.20
176.30,5.00,44322.98
176.40,5.00,44538.91
176.50,5.50,44754.23
176.60,5.00,44968.91
176.70,5.00,45184.85
176.80,5.00,45400.48
176.90,5.00,45616.57
177.00,5.00,45832.51
177.10,5.00,46048.45
177.20,5.00,46264.70
177.30,5.00,46480.48
177.40,5.00,46696.73
177.50,5.00,46912.51
177.60,5.50,47117.98
177.70,5.00,47290.63
177.80,4.50,47462.82
177.90,5.00,47634.85
178.00,5.50,47807.20
178.10,5.00,47979.70
178.20,5.00,48152.04
178.30,5.00,48324.38
178.40,5.00,48497.20
178.50,5.50,48669.07
178.60,4.50,48841.88
178.70,5.00,49014.07
178.80,5.50,49186.26
178.90,5.00,49358.60
179.00,5.00,49531.10
179.10,5.50,49703.60
179.20,4.50,49875.48
179.30,5.00,50047.98
179.40,5.00,50219.70
179.50,5.00,50390.95
179.60,5.00,50563.29
179.70,5.00,50735.32
179.80,5.50,50907.98
179.90,5.00,51080.32
180.00,5.00,51252.82
180.10,5.00,51424.54
180.20,5.00,51596.73
180.30,5.00,51768.45
180.40,5.00,51940.63
180.50,5.50,52112.51
180.60,5.00,52285.16
180.70,4.50,52457.98
180.80,5.50,52630.16
180.90,5.00,52801.88
181.00,5.00,52974.07
181.10,5.00,53145.79
181.20,5.50,53317.35
181.30,5.00,53488.91
181.40,4.50,53660.95
181.50,5.50,53832.98
181.60,4.50,54004.70
181.70,5.00,54176.88
181.80,5.50,54349.23
181.90,5.00,54520.79
182.00,5.00,54693.13
182.10,5.00,54754.23
182.20,5.50,54754.38
182.30,5.00,54754.38
182.40,5.00,54754.38
182.50,5.00,54754.38
182.60,5.00,54754.38
182.70,5.00,54754.38
182.80,5.00,54754.38
182.90,5.00,54754.38
183.00,5.00,54754.38
183.10,5.00,54754.38
183.20,5.00,54754.38
183.30,5.00,54754.38
183.40,5.00,54754.38
183.50,5.00,54754.38
183.60,5.00,54754.38
183.70,5.50,54754.38
183.80,5.00,54754.38
183.90,5.00,54754.38
184.00,5.00,54754.38
184.10,5.00,54754.38
184.20,5.00,54754.38
184.30,5.00,54754.38
184.40,5.50,54754.38
184.50,5.00,54754.38
184.60,5.00,54754.38
184.70,5.00,54754.38
184.80,5.00,54754.38
184.90,5.00,54754.38
185.00,5.00,54754.38
185.10,5.00,54754.38
185.20,5.00,54754.38
185.30,5.50,54754.38
185.40,5.00,54754.38
185.50,5.00,54754.38
185.60,5.00,54754.38
185.70,5.00,54754.38
185.80,5.00,54754.38
185.90,5.00,54754.38
186.00,5.00,54754.38
186.10,5.00,54754.38
186.20,5.50,54754.38
186.30,5.00,54754.38
186.40,5.00,54754.38
186.50,5.00,54754.38
186.60,5.00,54754.38
186.70,5.00,54754.38
186.80,5.00,54754.38
186.90,5.00,54754.38
187.00,5.00,54754.38
187.10,5.00,54754.38
187.20,5.50,54754.38
187.30,5.00,54754.38
187.40,5.00,54754.38
187.50,5.00,54754.38
187.60,5.00,54754.38
187.70,5.00,54754.38
187.80,5.00,54754.38
187.90,5.00,54754.38
188.00,5.00,54754.38
188.10,5.00,54754.38
188.20,5.50,54754.38
188.30,5.00,54754.38
188.40,5.00,54754.38
188.50,5.00,54754.38
188.60,5.00,54754.38
188.70,5.00,54754.38
188.80,5.00,54754.38
188.90,5.00,54754.38
189.00,5.00,54754.38
189.10,5.00,54754.38
189.20,5.50,54754.38
189.30,5.00,54754.38
189.40,5.00,54754.38
189.50,5.00,54754.38
189.60,5.00,54754.38
189.70,5.00,54754.38
189.80,5.00,54754.38
189.90,5.00,54754.38
190.00,5.00,54754.38
190.10,5.00,54754.38
190.20,5.00,54754.38
190.30,5.00,54754.38
190.40,5.50,54754.38
190.50,5.00,54754.38
190.60,5.00,54754.38
190.70,5.00,54754.38
190.80,5.00,54754.38
190.90,5.00,54754.38
191.00,5.00,54754.38
191.10,5.00,54754.38
191.20,5.00,54754.38
191.30,5.00,54754.38
191.40,5.00,54754.38
191.50,5.00,54754.38
191.60,5.00,54754.38
191.70,5.50,54754.38
191.80,5.00,54754.38
191.90,5.00,54754.38
192.00,5.00,54754.38
192.10,5.00,54754.38
192.20,5.00,54754.38
192.30,5.00,54754.38
192.40,5.00,54754.38
192.50,5.00,54754.38
192.60,5.00,54754.38
192.70,5.00,54754.38
192.80,5.00,54754.38
192.90,5.00,54754.38
193.00,5.00,54754.38
193.10,5.00,54754.38
193.20,5.00,54754.38
193.30,5.00,54754.38
193.40,5.00,54754.38
193.50,5.00,54754.38
193.60,5.00,54754.38
193.70,5.00,54754.38
193.80,5.00,54754.38
193.90,5.00,54754.38
194.00,5.50,54754.38
194.10,5.00,54754.38
194.20,5.00,54754.38
194.30,5.00,54754.38
194.40,5.50,54754.38
194.50,5.00,54754.38
194.60,5.00,54754.38
194.70,5.00,54754.38
194.80,5.00,54754.38
194.90,5.00,54754.38
195.00,5.00,54754.38
195.10,5.00,54754.38
195.20,5.00,54754.38
195.30,5.00,54754.38
195.40,5.00,54754.38
195.50,5.00,54754.38
195.60,5.00,54754.38
195.70,5.00,54754.38
195.80,5.00,54754.38
195.90,5.00,54754.38
196.00,5.00,54754.38
196.10,5.00,54754.38
196.20,5.00,54754.38
196.30,5.00,54754.38
196.40,5.00,54754.38
196.50,5.00,54754.38
196.60,5.00,54754.38
196.70,5.00,54754.38
196.80,5.00,54754.38
196.90,5.00,54754.38
197.00,5.00,54754.38
197.10,5.00,54754.38
197.20,5.00,54754.38
197.30,5.00,54754.38
197.40,5.00,54754.38
197.50,5.00,54754.38
197.60,5.00,54754.38
197.70,5.00,54754.38
197.80,5.00,54754.38
197.90,5.00,54754.38
198.00,5.00,54754.38
198.10,5.00,54754.38
198.20,5.00,54754.38
198.30,5.00,54754.38
198.40,5.00,54754.38
198.50,5.00,54754.38
198.60,5.00,54754.38
198.70,5.00,54754.38
198.80,5.00,54754.38
198.90,5.00,54754.38
199.00,5.00,54754.38
199.10,5.00,54754.38
199.20,5.00,54754.38
199.30,5.00,54754.38
199.40,5.00,54754.38
199.50,5.00,54754.38
199.60,5.00,54754.38
199.70,5.00,54754.38
199.80,5.00,54754.38
199.90,5.00,54754.38
200.00,5.00,54754.38
200.10,5.00,54754.38
200.20,5.00,54754.38
200.30,5.50,54754.38
200.40,5.00,54754.38
200.50,5.00,54754.38
200.60,5.00,54754.38
200.70,5.00,54754.38
200.80,5.00,54754.38
200.90,5.00,54754.38
201.00,5.00,54754.38
201.10,5.00,54754.38
201.20,5.00,54754.38
201.30,5.00,54754.38
201.40,5.00,54754.38
201.50,5.00,54754.38
201.60,5.00,54754.38
201.70,7.00,54754.38
201.80,7.00,54754.38
201.90,5.00,54754.38
202.00,5.00,54754.38
202.10,5.00,54754.38
202.20,5.00,54754.38
202.30,5.00,54754.38
202.40,5.00,54754.38
202.50,5.00,54754.38
202.60,5.00,54754.38
202.70,5.00,54754.38
202.80,5.00,54754.38
202.90,5.00,54754.38
203.00,5.00,54754.38
203.10,5.00,54754.38
203.20,5.00,54754.38
203.30,5.00,54754.38
203.40,5.00,54754.38
203.50,5.00,54754.38
203.60,5.00,54754.38
203.70,5.00,54754.38
203.80,5.00,54754.38
203.90,5.00,54754.38
204.00,5.00,54754.38
204.10,5.00,54754.38
204.20,5.00,54754.38
204.30,5.00,54754.38
204.40,5.00,54754.38
204.50,5.00,54754.38
204.60,5.00,54754.38
204.70,5.00,54754.38
204.80,5.00,54754.38
204.90,5.00,54754.38
205.00,5.00,54754.38
205.10,5.00,54754.38
205.20,5.00,54754.38
205.30,5.50,53693.68
205.40,5.00,51799.54
205.50,5.00,49905.40
205.60,5.00,48058.40
205.70,5.00,47276.39
205.80,5.50,47754.39
205.90,5.00,48232.39
206.00,4.50,48710.39
206.10,5.50,49188.39
206.20,4.50,49668.39
206.30,5.50,50146.39
206.40,5.00,50626.39
206.50,5.00,51104.39
206.60,5.00,51582.39
206.70,5.00,52060.39
206.80,5.50,52538.39
206.90,4.50,53018.39
207.00,5.50,53496.39
207.10,5.00,53976.39
207.20,5.00,54454.39
207.30,5.00,53883.09
207.40,5.00,51837.42
207.50,5.00,49724.39
207.60,5.00,47594.54
207.70,5.00,24035.63
207.80,5.00,24432.38
207.90,5.00,24832.38
208.00,5.50,25228.38
208.10,5.00,25626.38
208.20,5.00,26026.38
208.30,4.50,26424.38
208.40,5.50,26820.38
208.50,4.50,27218.38
208.60,5.50,27616.38
208.70,5.00,28014.38
208.80,5.00,28412.38
208.90,5.00,28808.38
209.00,5.00,29206.38
209.10,5.00,29604.38
209.20,5.50,30002.38
209.30,5.00,30400.38
209.40,5.00,30798.38
209.50,5.00,31194.38
209.60,5.00,31592.38
209.70,5.00,24084.71
209.80,5.50,24259.87
209.90,4.50,24433.30
210.00,5.50,24605.80
210.10,5.00,24777.99
210.20,5.00,24951.12
210.30,5.50,25123.46
210.40,5.00,25296.43
210.50,5.00,25468.93
210.60,5.00,25642.05
210.70,5.50,25814.55
210.80,5.00,25987.99
210.90,5.00,26160.49
211.00,5.00,26333.77
211.10,5.00,26506.27
211.20,5.00,26678.15
211.30,5.50,26850.96
211.40,4.50,27024.09
211.50,5.50,27196.59
211.60,5.00,27369.55
211.70,5.00,27542.84
211.80,5.50,27715.18
211.90,5.00,27888.15
212.00,5.00,28060.96
212.10,5.00,28233.62
212.20,5.00,28406.90
212.30,5.50,28579.24
212.40,4.50,28751.43
212.50,5.50,28924.40
212.60,5.00,29097.21
212.70,5.00,29270.02
212.80,5.50,29442.84
212.90,4.50,29615.49
213.00,5.50,29787.84
213.10,5.00,29960.96
213.20,5.50,30133.93
213.30,4.50,30306.90
213.40,5.50,30480.18
213.50,5.00,30652.52
213.60,5.00,30824.87
213.70,5.50,30998.62
213.80,4.50,31172.05
213.90,5.50,31344.24
214.00,4.50,31517.05
222.45,5.00,35427.86
311.33,5.00,35427.86
311.40,6.00,35441.86
311.50,5.00,35463.86
311.60,5.00,35483.86
311.70,4.50,35505.86
311.80,5.50,35525.86
311.90,5.00,35547.86
312.00,5.00,35567.86
312.10,5.00,35589.86
312.20,5.00,35609.86
312.30,5.00,35631.86
312.40,5.00,35651.86
312.50,5.00,35671.86
312.60,5.50,35693.86
312.70,5.00,35713.86
312.80,5.00,35733.86
312.90,4.50,35755.86
313.00,5.50,35775.86
313.10,5.00,35795.86
313.20,5.00,35817.86
313.30,5.00,35837.86
313.40,5.00,35859.86
313.50,5.50,35879.86
313.60,5.00,35899.86
313.70,4.50,35921.86
313.80,5.00,35941.86
313.90,5.50,35961.86
314.00,5.00,35983.86
314.10,5.00,36003.86
314.20,5.00,36025.86
314.30,5.00,36045.86
314.40,5.00,36067.86
314.50,5.00,36087.86
314.60,5.00,36109.86
314.70,5.00,36129.86
314.80,5.50,36151.86
314.90,5.00,36171.86
315.00,4.50,36193.86
315.10,5.50,36213.86
315.20,5.00,36235.86
315.30,5.00,36255.86
315.40,5.00,36277.86
315.50,5.50,36297.86
315.60,4.50,36319.86
315.70,5.00,36339.86
315.80,5.00,36359.86
315.90,5.00,36380.64
316.00,5.00,33138.84
316.10,5.50,33824.84
316.20,5.00,34510.84
316.30,5.00,35198.84
316.40,5.00,35882.84
316.50,5.00,36568.84
316.60,5.50,37254.84
316.70,4.50,37940.84
316.80,5.00,38628.84
316.90,5.50,39312.84
317.00,5.00,39998.84
317.10,4.50,31817.16
317.20,5.50,32299.16
317.30,5.00,32781.16
317.40,5.00,33261.16
317.50,5.50,33743.16
317.60,4.50,34225.16
317.70,5.50,34705.16
317.80,5.00,35187.16
317.90,5.50,35667.16
318.00,5.00,36149.16
318.10,5.00,36631.16
318.20,5.00,37113.16
318.30,4.50,37595.16
318.40,5.50,38077.16
318.50,5.00,38555.16
318.60,5.00,39037.16
318.70,5.00,39476.56
318.80,5.00,39888.56
318.90,5.00,40300.56
319.00,5.00,40712.56
319.10,5.00,41126.56
319.20,5.00,41540.56
319.30,5.50,41952.56
319.40,5.00,42364.56
319.50,5.00,42776.56
319.60,5.00,43190.56
319.70,5.00,43602.56
319.80,5.00,44016.56
319.90,5.00,44428.56
320.00,5.00,44842.56
320.10,5.50,45254.56
320.20,4.50,45668.56
320.30,5.50,46080.56
320.40,5.00,46494.56
320.52,5.20,39243.63
320.60,4.80,39419.88
320.70,5.00,39631.29
320.80,5.50,39841.91
320.90,4.50,40052.69
321.00,5.50,40263.16
321.10,5.00,40473.32
321.20,4.50,40683.79
321.30,5.00,40894.57
321.40,5.50,41105.35
321.50,5.00,41315.35
321.60,5.00,41525.82
321.70,5.00,41736.29
321.80,5.00,41944.57
321.90,5.00,42151.91
322.00,5.50,42360.35
322.10,5.00,42568.63
322.20,5.00,42776.29
322.30,4.50,42984.41
322.40,5.50,43192.85
322.50,5.00,43399.88
322.60,5.00,43607.69
322.70,5.00,43815.50
322.80,5.00,44023.16
322.90,5.00,44231.13
323.00,5.00,44438.94
323.10,5.50,44647.38
323.20,5.00,44855.50
323.30,5.00,45064.41
323.40,5.00,45273.00
323.50,5.00,45480.50
323.60,5.00,45689.10
323.70,5.00,45896.91
323.80,5.00,46105.04
323.90,5.00,46313.63
324.00,5.00,46522.22
324.10,5.00,46730.82
324.20,5.50,46939.41
324.30,4.50,47143.16
324.40,5.50,47345.82
324.50,4.50,47547.85
324.60,5.50,47750.66
324.70,5.00,47953.00
324.80,5.00,48155.66
324.90,5.50,48358.47
325.00,4.50,48560.66
325.10,5.50,48763.47
325.20,4.50,48965.35
325.30,5.50,49168.16
325.40,5.00,49370.82
325.50,4.50,49572.69
325.60,5.50,49775.04
325.70,5.00,49977.07
325.80,5.00,50179.25
325.90,5.00,50380.19
326.00,5.00,50582.54
326.10,5.00,50785.04
326.20,5.00,50987.07
326.30,5.00,51189.25
326.40,5.00,51390.97
326.50,5.50,51592.54
326.60,4.50,51794.25
326.70,5.50,51996.29
326.80,5.00,52198.79
326.90,5.00,52401.13
327.00,5.00,52603.47
327.10,5.50,52805.82
327.20,4.50,53008.00
327.30,5.50,53210.35
327.40,5.00,53412.85
327.50,5.00,53614.72
327.60,5.00,53816.75
327.70,5.00,54017.22
327.80,5.00,54218.63
327.90,5.50,54419.41
328.00,5.00,54603.16
328.10,5.00,54603.16
328.20,5.00,54603.16
328.30,5.00,54603.16
328.40,5.00,54603.16
328.50,5.00,54603.16
328.60,5.00,54603.16
328.70,5.00,54603.16
328.80,5.00,54603.16
328.90,5.00,54603.16
329.00,5.00,54603.16
329.10,5.00,54603.16
329.20,5.00,54603.16
329.30,5.00,54603.16
329.40,5.00,54603.16
329.50,5.00,54603.16
329.60,5.00,54603.16
329.70,5.00,54603.16
329.80,5.00,54603.16
329.90,5.00,54603.16
330.00,5.00,54603.16
330.10,5.00,54603.16
330.20,5.00,54603.16
330.30,5.00,54603.16
330.40,5.00,54603.16
330.50,5.00,54603.16
330.60,5.00,54603.16
330.70,5.00,54603.16
330.80,5.00,54603.16
330.90,5.00,54603.16
331.00,5.00,54603.16
331.10,5.00,54603.16
331.20,5.00,54603.16
331.30,5.00,54603.16
331.40,5.00,54603.16
331.50,5.00,54603.16
331.60,5.00,54603.16
331.70,5.00,54603.16
331.80,5.00,54603.16
331.90,5.50,54603.16
332.00,5.00,54603.16
332.10,5.00,54603.16
332.20,5.00,54603.16
332.30,5.00,54603.16
332.40,5.00,54603.16
332.50,5.00,54603.16
332.60,5.00,54603.16
332.70,5.00,54603.16
332.80,5.00,54603.16
332.90,5.00,54603.16
333.00,5.00,54603.16
333.10,5.00,54603.16
333.20,5.00,54603.16
333.30,5.00,54603.16
333.40,5.00,54603.16
333.50,5.00,54603.16
333.60,5.00,54603.16
333.70,5.00,54603.16
333.80,5.00,54603.16
333.90,5.00,54603.16
334.00,5.00,54603.16
334.10,5.00,54603.16
334.20,5.00,54603.16
334.30,5.00,54603.16
334.40,5.00,54603.16
334.50,5.50,54603.16
334.60,5.00,54603.16
334.70,5.00,54603.16
334.80,5.00,54603.16
334.90,5.50,54603.16
335.00,5.00,54603.16
335.10,5.00,54603.16
335.20,5.00,54603.16
335.30,5.00,54603.16
335.40,5.00,54603.16
335.50,5.00,54603.16
335.60,5.00,54603.16
335.70,5.00,54603.16
335.80,5.00,54603.16
335.90,5.00,54603.16
336.00,5.50,54603.16
336.10,5.00,54603.16
336.20,5.00,54603.16
336.30,5.00,54603.16
336.40,5.50,54603.16
336.50,5.00,54603.16
336.60,5.00,54603.16
336.70,5.00,54603.16
336.80,5.00,54603.16
336.90,5.00,54603.16
337.00,5.00,54603.16
337.10,5.00,54603.16
337.20,5.00,54603.16
337.30,5.50,54603.16
337.40,5.00,54603.16
337.50,5.00,54603.16
337.60,5.00,54603.16
337.70,5.00,54603.16
337.80,5.00,54603.16
337.90,5.00,54603.16
338.00,5.00,54603.16
338.10,5.00,54603.16
338.20,5.50,54603.16
338.30,5.00,54603.16
338.40,5.50,54603.16
338.50,5.00,54603.16
338.60,5.00,54603.16
338.70,5.00,54603.16
338.80,5.00,54603.16
338.90,5.00,54603.16
339.00,5.00,54603.16
339.10,5.00,54603.16
339.20,5.00,54603.16
339.30,5.00,54603.16
339.40,5.00,54603.16
339.50,5.50,54603.16
339.60,5.00,54603.16
339.70,5.00,54603.16
339.80,5.00,54603.16
339.90,5.00,54603.16
340.00,5.00,54603.16
340.10,5.00,54603.16
340.20,5.00,54603.16
340.30,5.00,54603.16
340.40,5.00,54603.16
340.50,5.50,54603.16
340.60,5.00,54603.16
340.70,5.00,54603.16
340.80,5.00,54603.16
340.90,5.00,54603.16
341.00,5.00,54603.16
341.10,5.00,54603.16
341.20,5.00,54603.16
341.30,5.00,54603.16
341.40,5.00,54603.16
341.50,5.50,54603.16
341.60,5.00,54603.16
341.70,5.00,54603.16
341.80,5.00,54603.16
341.90,5.00,54603.16
342.00,5.00,54603.16
342.10,5.00,54603.16
342.20,5.00,54603.16
342.30,5.00,54603.16
342.40,5.00,54603.16
342.50,5.00,54603.16
342.60,5.50,54603.16
342.70,5.00,54603.16
342.80,5.00,54603.16
342.90,5.00,54603.16
343.00,5.00,54603.16
343.10,5.00,54603.16
343.20,5.00,54603.16
343.30,5.00,54603.16
343.40,5.00,54603.16
343.50,5.00,54603.16
343.60,5.50,54603.16
343.70,5.00,54603.16
343.80,5.00,54603.16
343.90,5.00,54603.16
344.00,5.00,54603.16
344.10,5.00,54603.16
344.20,5.00,54603.16
344.30,5.00,54603.16
344.40,5.00,54603.16
344.50,5.00,54603.16
344.60,5.50,54603.16
344.70,5.00,54603.16
344.80,5.00,54603.16
344.90,5.00,54603.16
345.00,5.00,54603.16
345.10,5.00,54603.16
345.20,5.00,54603.16
345.30,5.00,54603.16
345.40,5.00,54603.16
345.50,5.00,54603.16
345.60,5.00,54603.16
345.70,5.50,54603.16
345.80,5.00,54603.16
345.90,5.00,54603.16
346.00,5.00,54603.16
346.10,5.00,54603.16
346.20,5.00,54603.16
346.30,5.50,54603.16
346.40,5.00,54603.16
346.50,5.00,54603.16
346.60,5.00,54603.16
346.70,5.00,54603.16
346.80,5.00,54603.16
346.90,5.00,54603.16
347.00,5.00,54603.16
347.10,5.00,54603.16
347.20,5.00,54603.16
347.30,5.00,54603.16
347.40,5.50,54603.16
347.50,5.00,54603.16
347.60,5.00,54603.16
347.70,5.00,54603.16
347.80,5.00,54603.16
347.90,5.00,54603.16
348.00,5.00,54603.16
348.10,5.00,54603.16
348.20,5.00,54603.16
348.30,5.00,54603.16
348.40,5.00,54603.16
348.50,5.50,54603.16
348.60,5.00,54603.16
348.70,5.00,54603.16
348.80,5.00,54603.16
348.90,5.00,54603.16
349.00,5.00,54603.16
349.10,5.00,54603.16
349.20,5.50,54603.16
349.30,5.00,54603.16
349.40,5.00,54603.16
349.50,5.00,54603.16
349.60,5.00,54603.16
349.70,5.00,54603.16
349.80,5.00,54603.16
349.90,5.00,54603.16
350.00,5.00,54603.16
350.10,5.00,54603.16
350.20,5.00,54603.16
350.30,5.00,52663.17
350.40,5.00,50437.17
350.50,5.00,48238.86
350.60,5.00,47111.16
350.70,5.00,47599.16
350.80,5.50,48089.16
350.90,4.50,48577.16
351.00,5.50,49067.16
351.10,5.00,49555.16
351.20,5.00,50045.16
351.30,5.00,50533.16
351.40,5.00,51021.16
351.50,5.00,51511.16
351.60,5.00,51999.16
351.70,5.50,52487.16
351.80,4.50,52977.16
351.90,5.00,53467.16
352.00,5.00,53955.16
352.10,5.50,54443.16
352.20,5.00,52974.21
352.30,5.00,50852.77
352.40,5.00,48731.33
352.51,5.00,39293.48
352.60,5.00,39483.16
352.70,5.00,39697.07
352.80,5.00,39911.29
352.90,5.00,40125.35
353.00,5.50,40340.66
353.10,5.00,40553.48
353.20,4.50,40766.13
353.30,5.50,40978.63
353.40,5.00,41190.66
353.50,5.00,41402.85
353.60,5.00,41615.51
353.70,5.50,41828.32
353.80,5.00,42041.91
353.90,5.00,42252.85
354.00,4.50,42464.26
354.10,5.50,42674.57
354.20,5.00,42887.38
354.30,5.00,43100.04
354.40,5.00,43314.26
354.50,5.00,43526.13
354.60,5.00,43737.23
354.70,5.00,43949.10
354.80,5.50,44162.07
354.90,4.50,44374.88
355.00,5.00,44587.23
355.10,5.50,44799.73
355.20,5.00,45013.48
355.30,4.50,45226.60
355.40,5.50,45438.63
355.50,5.00,45651.60
355.60,5.00,45866.13
355.70,5.50,46077.38
355.80,4.50,46290.20
355.90,5.50,46501.91
356.00,5.00,46714.57
356.10,4.50,46927.07
356.20,5.50,47132.85
356.30,5.00,47335.98
356.40,5.00,47539.88
356.50,5.50,47743.32
356.60,4.50,47947.70
356.70,5.00,48151.45
356.80,5.00,48355.66
356.90,5.00,48559.10
357.00,5.50,48763.16
357.10,5.00,48967.07
357.20,5.00,49170.20
357.30,5.00,49373.95
357.40,5.00,49578.16
357.50,5.00,49782.23
357.60,5.50,49986.60
357.70,5.00,50190.04
357.80,4.50,50393.95
357.90,5.00,50597.38
358.00,5.50,50801.29
358.10,4.50,51006.29
358.20,5.50,51210.35
358.30,5.00,51414.26
358.40,5.00,51617.70
358.50,5.00,51821.60
358.60,5.00,52025.35
358.70,5.50,52226.45
358.80,5.50,52430.82
358.90,4.50,52634.88
359.00,5.50,52838.63
359.10,4.50,53041.29
359.20,5.50,53243.79
359.30,5.00,53446.60
359.40,5.00,53648.95
359.50,5.00,53851.29
359.60,5.00,54053.95
359.70,5.00,54256.29
359.80,5.00,54458.79
359.90,5.50,54653.16
360.00,5.00,54653.16
360.10,5.00,54653.16
360.20,5.00,54653.16
360.30,5.00,54653.16
360.40,5.00,54653.16
360.50,5.00,54653.16
360.60,5.00,54653.16
360.70,5.00,54653.16
360.80,5.00,54653.16
360.90,5.00,54653.16
361.00,5.00,54653.16
361.10,5.00,54653.16
361.20,5.00,54653.16
361.30,5.00,54653.16
361.40,5.00,54653.16
361.50,5.00,54653.16
361.60,5.00,54653.16
361.70,5.00,54653.16
361.80,5.00,54653.16
361.90,5.00,54653.16
362.00,5.00,54653.16
362.10,5.00,54653.16
362.20,5.00,54653.16
362.30,5.00,54653.16
362.40,5.00,54653.16
362.50,5.00,54653.16
362.60,5.00,54653.16
362.70,5.00,54653.16
362.80,5.00,54653.16
362.90,5.00,54653.16
363.00,5.00,54653.16
363.10,5.00,54653.16
363.20,5.00,54653.16
363.30,5.00,54653.16
363.40,5.00,54653.16
363.50,5.00,54653.16
363.60,5.00,54653.16
363.70,5.00,54653.16
363.80,5.00,54653.16
363.90,5.00,54653.16
364.00,5.00,54653.16
364.10,5.00,54653.16
364.20,5.00,54653.16
364.30,5.00,54653.16
364.40,5.00,54653.16
364.50,5.00,54653.16
364.60,5.00,54653.16
364.70,5.00,54653.16
364.80,5.00,54653.16
364.90,5.00,54653.16
365.00,5.00,54653.16
365.10,5.00,54653.16
365.20,5.00,54653.16
365.30,5.00,54653.16
365.40,5.00,54653.16
365.50,5.00,54653.16
365.60,5.00,54653.16
365.70,5.00,54653.16
365.80,5.00,54653.16
365.90,5.00,54653.16
366.00,5.00,54653.16
366.10,5.00,54653.16
366.20,5.50,54653.16
366.30,5.00,54653.16
366.40,5.00,54653.16
366.50,5.00,54653.16
366.60,5.00,54653.16
366.70,5.00,54653.16
366.80,5.00,54653.16
366.90,5.00,54653.16
367.00,5.00,54653.16
367.10,5.00,54653.16
367.20,5.00,54653.16
367.30,5.00,54653.16
367.40,5.00,54653.16
367.50,5.00,54653.16
367.60,5.00,54653.16
367.70,5.00,54653.16
367.80,5.00,54653.16
367.90,5.00,54653.16
368.00,5.00,54653.16
368.10,5.00,54653.16
368.20,5.00,54653.16
368.30,5.00,54653.16
368.40,5.00,54653.16
368.50,5.00,54653.16
368.60,5.00,54653.16
368.70,5.00,54653.16
368.80,5.50,54653.16
368.90,5.00,54653.16
369.00,5.50,54653.16
369.10,5.00,54653.16
369.20,5.00,54653.16
369.30,5.00,54653.16
369.40,5.00,54653.16
369.50,5.00,54653.16
369.60,5.00,54653.16
369.70,5.00,54653.16
369.80,5.00,54653.16
369.90,5.00,54653.16
370.00,5.00,54653.16
370.10,5.00,54653.16
370.20,5.00,54653.16
370.30,5.00,54653.16
370.40,5.00,54653.16
370.50,5.00,54653.16
370.60,5.50,54653.16
370.70,5.00,54653.16
370.80,5.00,54653.16
370.90,5.00,54653.16
371.00,5.00,54653.16
371.10,5.00,54653.16
371.20,5.00,54653.16
371.30,5.00,54653.16
371.40,5.00,54653.16
371.50,5.00,54653.16
371.60,5.00,54653.16
371.70,5.00,54653.16
371.80,5.00,54653.16
371.90,5.00,54653.16
372.00,5.00,54653.16
372.10,5.00,54653.16
372.20,5.00,54653.16
372.30,5.50,54653.16
372.40,5.00,54653.16
372.50,5.00,54653.16
372.60,5.00,54653.16
372.70,5.00,54653.16
372.80,5.00,54653.16
372.90,5.00,54653.16
373.00,5.00,54653.16
373.10,5.00,54653.16
373.20,5.00,54653.16
373.30,5.50,54653.16
373.40,5.00,54653.16
373.50,5.00,54653.16
373.60,5.50,54653.16
373.70,5.00,54653.16
373.80,5.00,54653.16
373.90,5.00,54653.16
374.00,5.00,54653.16
374.10,5.00,54653.16
374.20,5.00,54653.16
374.30,5.00,54653.16
374.40,5.50,54653.16
374.50,5.00,54653.16
374.60,5.00,54653.16
374.70,5.00,54653.16
374.80,5.00,54653.16
374.90,5.00,54653.16
375.00,5.00,54653.16
375.10,5.00,54653.16
375.20,5.00,54653.16
375.30,5.00,54653.16
375.40,5.00,54653.16
375.50,5.50,54653.16
375.60,5.00,54653.16
375.70,5.00,54653.16
375.80,5.00,54653.16
375.90,5.00,54653.16
376.00,5.00,54653.16
376.10,5.00,54653.16
376.20,5.00,54653.16
376.30,5.00,54653.16
376.40,5.00,54653.16
376.50,5.00,54653.16
376.60,5.00,54653.16
376.70,5.00,54653.16
376.80,5.00,54653.16
376.90,5.00,54653.16
377.00,5.00,54653.16
377.10,5.00,54653.16
377.20,5.50,54653.16
377.30,5.00,54653.16
377.40,5.00,54653.16
377.50,5.50,54653.16
377.60,5.00,54653.16
377.70,5.00,54653.16
377.80,5.00,54653.16
377.90,5.00,54653.16
378.00,5.00,54653.16
378.10,5.00,54653.16
378.20,5.00,54653.16
378.30,5.00,54653.16
378.40,5.00,54653.16
378.50,5.00,54653.16
378.60,5.50,54653.16
378.70,5.00,54653.16
378.80,5.00,54653.16
378.90,5.00,54653.16
379.00,5.00,54653.16
379.10,5.00,54653.16
379.20,5.50,54653.16
379.30,5.00,54653.16
379.40,5.00,54653.16
379.50,5.00,54653.16
379.60,5.00,54653.16
379.70,5.00,54653.16
379.80,5.00,54653.16
379.90,5.50,54653.16
380.00,5.00,54653.16
380.10,5.00,54653.16
380.20,5.00,54653.16
380.30,5.00,54653.16
380.40,5.00,54653.16
380.50,5.00,54653.16
380.60,5.00,54653.16
380.70,5.00,54653.16
380.80,5.00,54653.16
380.90,5.00,54653.16
381.00,5.50,54653.16
381.10,5.00,54653.16
381.20,5.00,54653.32
381.30,5.00,54653.32
381.40,5.00,54653.32
381.50,5.00,54653.32
381.60,5.00,54653.32
381.70,5.00,54653.32
381.80,5.00,54653.32
381.90,5.00,54317.34
382.00,5.00,52147.34
382.10,5.00,49955.87
382.20,5.00,47758.66
382.30,5.00,47279.33
382.40,5.00,47771.33
382.50,5.50,48261.33
382.60,4.50,48755.33
382.70,5.00,49247.33
382.80,5.50,49739.33
382.90,4.50,50233.33
383.00,5.00,50725.33
383.10,5.50,51217.33
383.20,5.00,51711.33
383.30,5.00,52203.33
383.40,5.00,52695.33
383.50,5.00,53189.33
383.60,5.00,53681.33
383.70,5.50,54173.33
383.80,5.00,54577.57
383.90,5.00,52380.36
384.00,5.00,50223.33
384.10,5.00,48099.61
384.20,5.00,47133.32
384.30,5.00,47489.32
384.40,5.00,47847.32
384.50,5.00,48203.32
384.60,5.00,48561.32
384.70,5.00,48915.32
384.80,5.50,49273.32
384.90,4.50,49629.32
385.00,5.50,49987.32
385.10,5.00,50345.32
385.20,5.00,50701.32
385.30,5.00,51059.32
385.40,5.00,51415.32
385.50,5.00,51775.32
385.60,5.50,52133.32
385.70,4.50,52489.32
385.80,5.50,52845.32
385.90,4.50,53199.32
386.00,5.50,53557.32
386.10,4.50,53915.32
386.20,5.50,54271.32
386.30,5.00,54631.32
386.40,5.00,54856.29
386.50,5.50,55073.64
386.60,4.50,55289.57
386.70,5.00,55503.79
386.80,5.50,55719.42
386.90,4.50,55935.36
387.00,5.50,56151.29
387.10,5.00,56367.07
387.20,5.00,56582.86
387.30,5.00,56798.79
387.40,5.00,57014.57
387.50,5.00,57230.51
387.60,5.50,57446.45
387.70,4.50,57661.45
387.80,5.50,57876.76
387.90,4.50,58092.54
388.00,5.50,58308.01
388.10,5.00,58523.32
388.20,5.00,58738.79
388.30,5.00,58953.95
388.40,5.00,59169.73
388.50,5.00,59385.04
388.60,5.00,59599.73
388.70,5.00,59815.36
388.80,5.50,60030.51
388.90,5.00,60245.04
389.00,4.50,60460.82
389.10,5.50,60674.42
389.20,5.00,60890.20
389.30,5.00,61105.04
389.40,5.50,61316.61
389.50,5.00,61530.82
389.60,5.50,61745.04
389.70,5.00,61960.04
389.80,5.00,62175.51
389.90,5.50,62378.48
390.00,5.00,62551.45
390.10,4.50,62723.17
390.20,5.50,62895.04
390.30,5.00,63067.07
390.40,5.00,63238.79
390.50,5.00,63410.67
390.60,5.00,63582.86
390.70,5.50,63755.04
390.80,4.50,63927.23
390.90,5.50,64099.11
391.00,4.50,64271.14
391.10,5.50,64442.70
391.20,5.00,64615.20
391.30,5.00,64787.39
391.40,5.00,64959.26
391.50,4.50,65130.98
391.60,5.50,65303.32
391.70,5.00,65475.67
391.80,5.00,65648.01
391.90,5.00,65819.89
392.00,5.50,65992.39
392.10,4.50,66164.26
392.20,5.00,66336.45
392.30,5.50,66508.64
392.40,4.50,66681.76
392.50,5.00,66853.79
392.60,5.00,67025.67
392.70,5.50,67197.07
392.80,5.00,67368.64
392.90,5.00,67540.82
393.00,5.00,67712.23
393.10,5.00,67883.79
393.20,5.00,68055.82
393.30,5.00,68228.01
393.40,5.00,68399.73
393.50,5.00,68571.45
393.60,5.00,68743.48
393.70,5.50,68915.82
393.80,5.00,69087.23
393.90,5.00,69259.26
394.00,4.50,69431.61
394.10,5.50,69604.11
394.20,5.00,69776.45
394.30,5.00,69948.64
394.40,5.00,70013.32
394.50,5.50,70013.32
394.60,5.00,70013.32
394.70,5.00,70013.32
394.80,5.00,70013.32
394.90,5.00,70013.32
395.00,5.00,70013.32
395.10,5.00,70013.32
395.20,5.00,70013.32
395.30,5.00,70013.32
395.40,5.00,70013.32
395.50,5.00,70013.32
395.60,5.00,70013.32
395.70,5.00,70013.32
395.80,5.00,70013.32
395.90,5.00,70013.32
396.00,5.00,70013.32
396.10,5.00,70013.32
396.20,5.00,70013.32
396.30,5.00,70013.32
396.40,5.00,70013.32
396.50,5.00,70013.32
396.60,5.50,70013.32
396.70,5.00,70013.32
396.80,5.00,70013.32
396.90,5.00,70013.32
397.00,5.00,70013.32
397.10,5.50,70013.32
397.20,5.00,70013.32
397.30,5.00,70013.32
397.40,5.00,70013.32
397.50,5.00,70013.32
397.60,5.00,70013.32
397.70,5.00,70013.32
397.80,5.00,70013.32
397.90,5.00,70013.32
398.00,5.50,70013.32
398.10,5.00,70013.32
398.20,5.00,70013.32
398.30,5.00,70013.32
398.40,5.00,70013.32
398.50,5.00,70013.32
398.60,5.00,70013.32
398.70,5.00,70013.32
398.80,5.00,70013.32
398.90,5.00,70013.32
399.00,5.00,70013.32
399.10,5.00,70013.32
399.20,5.00,70013.32
399.30,5.00,70013.32
399.40,5.50,70013.32
399.50,5.00,70013.32
399.60,5.00,70013.32
399.70,5.50,70013.32
399.80,5.00,70013.32
399.90,5.00,70013.32
400.00,5.00,70013.32
400.10,5.00,70013.32
400.20,5.00,70013.32
400.30,5.00,70013.32
400.40,5.00,70013.32
400.50,5.50,70013.32
400.60,5.00,70013.32
400.70,5.00,70013.32
400.80,5.00,70013.32
400.90,5.00,70013.32
401.00,5.00,70013.32
401.10,5.00,70013.32
401.20,5.00,70013.32
401.30,5.00,70013.32
401.40,5.00,70013.32
401.50,5.50,70013.32
401.60,5.00,70013.32
401.70,5.00,70013.32
401.80,5.00,70013.32
401.90,5.00,70013.32
402.00,5.00,70013.32
402.10,5.00,70013.32
402.20,5.00,70013.32
402.30,5.00,70013.32
402.40,5.00,70013.32
402.50,5.00,70013.32
402.60,5.00,70013.32
402.70,7.50,70013.32
402.80,6.50,70013.32
402.90,5.00,70013.32
403.00,5.00,70013.32
403.10,5.50,70013.32
403.20,5.00,70013.32
403.30,5.00,70013.32
403.40,5.00,70013.32
403.50,5.00,70013.32
403.60,5.00,70013.32
403.70,5.00,70013.32
403.80,5.00,70013.32
403.90,5.00,70013.32
404.00,5.00,70013.32
404.10,5.00,70013.32
404.20,5.00,70013.32
404.30,5.00,70013.32
404.40,5.50,70013.32
404.50,5.00,70013.32
404.60,5.00,70013.32
404.70,5.00,70013.32
404.80,5.00,70013.32
404.90,5.00,70013.32
405.00,5.00,70013.32
405.10,5.00,70013.32
405.20,5.00,70013.32
405.30,5.00,70013.32
405.40,5.00,70013.32
405.50,5.00,70013.32
405.60,5.00,70013.32
405.70,5.00,70013.32
405.80,5.00,70013.32
405.90,5.00,70013.32
406.00,5.00,70013.32
406.10,5.00,70013.32
406.20,5.00,70013.32
406.30,5.00,70013.32
406.40,5.00,70013.32
406.50,5.00,70013.32
406.60,5.50,70013.32
406.70,5.50,70013.32
406.80,5.00,70013.32
406.90,5.00,70013.32
407.00,5.00,70013.32
407.10,5.00,70013.32
407.20,5.00,70013.32
407.30,5.00,70013.32
407.40,5.00,70013.32
407.50,5.00,70013.32
407.60,5.00,70013.32
407.70,5.00,70013.32
407.80,5.00,70013.32
407.90,5.00,70013.32
408.00,5.00,70013.32
408.10,5.00,70013.32
408.20,5.00,70013.32
408.30,5.00,70013.32
408.40,5.00,70013.32
408.50,5.00,70013.32
408.60,5.00,70013.32
408.70,5.00,70013.32
408.80,5.00,70013.32
408.90,5.00,70013.32
409.00,5.00,70013.32
409.10,5.00,70013.32
409.20,5.00,70013.32
409.30,5.00,70013.32
409.40,5.00,70013.32
409.50,5.00,70013.32
409.60,5.00,70013.32
409.70,5.00,70013.32
409.80,5.00,70013.32
409.90,5.00,70013.32
410.00,5.00,70013.32
410.10,5.00,70013.32
410.20,5.00,70013.32
410.30,5.00,70013.32
410.40,5.00,70013.32
410.50,5.00,70013.32
410.60,5.00,70013.32
410.70,5.00,70013.32
410.80,5.00,70013.32
410.90,5.00,70013.32
411.00,5.50,70013.32
411.10,5.00,70013.32
411.20,5.00,70013.32
411.30,5.00,70013.32
411.40,5.00,70013.32
411.50,5.00,70013.32
411.60,5.00,70013.32
411.70,5.00,70013.32
411.80,5.00,70013.32
411.90,5.00,70013.32
412.00,5.00,70013.32
412.10,5.00,70013.32
412.20,5.00,70013.32
412.30,5.00,70013.32
412.40,5.00,70013.32
412.50,5.00,70013.32
412.60,5.00,70013.32
412.70,5.00,70013.32
412.80,5.00,70013.32
412.90,5.00,70013.32
413.00,5.00,70013.32
413.10,5.00,70013.32
413.20,5.00,70013.32
413.30,5.00,70013.32
413.40,5.00,70013.32
413.50,5.00,70013.32
413.60,5.00,70013.32
413.70,5.00,70013.32
413.80,5.00,70013.32
413.90,5.00,70013.32
414.00,5.00,70013.32
414.10,5.00,70013.32
414.20,5.00,70013.32
414.30,5.00,70013.32
414.40,5.00,70013.32
414.50,5.00,70013.32
414.60,5.00,70013.32
414.70,5.00,70013.32
414.80,5.00,70013.32
414.90,5.00,70013.32
415.00,5.00,70013.32
415.10,5.00,70013.32
415.20,5.00,70013.32
415.30,5.00,70013.32
415.40,5.00,70013.32
415.50,5.00,70013.32
415.60,5.00,70013.32
415.70,5.00,70013.32
415.80,5.00,70013.32
415.90,5.00,70013.32
416.00,5.00,70013.32
416.10,5.00,70013.32
416.20,5.00,70013.32
416.30,5.00,70013.32
416.40,5.00,70013.32
416.50,5.00,70013.32
416.60,5.00,70013.32
416.70,5.00,70013.32
416.80,5.00,70013.32
416.90,5.00,70013.32
417.00,5.00,70013.32
417.10,5.00,70013.32
417.20,5.00,70013.32
417.30,5.00,70013.32
417.40,5.00,70013.32
417.50,5.00,70013.32
417.60,5.00,70013.32
417.70,5.00,68687.44
417.80,5.00,66755.42
417.90,5.00,64861.34
418.00,5.00,63049.34
418.10,5.00,62605.33
418.20,5.00,63087.33
418.30,5.00,63567.33
418.40,5.50,64047.33
418.50,5.00,64527.33
418.60,4.50,65009.33
418.70,5.50,65487.33
418.80,5.00,65969.33
418.90,5.00,66449.33
419.00,5.00,66929.33
419.10,5.00,67409.33
419.20,5.00,67891.33
419.30,5.00,68373.33
419.40,5.00,68853.33
419.50,5.50,69333.33
419.60,5.00,69813.33
419.70,5.00,68719.34
419.80,5.00,66566.00
419.90,5.00,64406.68
420.02,5.30,39293.79
420.10,5.20,39409.32
420.20,5.00,39807.32
420.30,5.00,40205.32
420.40,5.50,40607.32
420.50,5.00,41005.32
420.60,5.00,41405.32
420.70,5.00,41805.32
420.80,5.00,42205.32
420.90,5.00,42603.32
421.00,5.00,43001.32
421.10,5.00,43401.32
421.20,5.00,43801.32
421.30,5.00,44201.32
421.40,5.00,44601.32
421.50,5.00,45001.32
421.60,5.50,45401.32
421.70,5.00,45801.32
421.80,5.00,46201.32
421.90,5.00,46599.32
422.01,5.30,31613.32
422.10,4.40,31613.32
422.20,5.00,31613.32
422.30,5.00,31613.32
422.40,5.00,31613.32
422.50,5.00,31613.32
422.60,5.00,31613.32
422.70,5.00,31613.32
422.80,5.00,31613.32
422.90,5.00,31613.32
423.00,5.00,31613.32
423.10,5.00,31613.32
423.20,5.00,31613.32
431.61,5.00,35428.02
520.50,5.00,35428.02
520.50,33.30,35428.17
520.60,4.50,35448.02
520.70,5.50,35466.02
520.80,4.50,35484.02
520.90,5.50,35502.02
521.00,5.00,35520.02
521.10,4.50,35538.02
521.20,5.50,35556.02
521.30,5.00,35574.02
521.40,5.00,35592.02
521.50,5.00,35610.02
521.60,5.00,35628.02
521.70,5.00,35646.02
521.80,5.00,35664.02
521.90,5.00,35682.02
522.00,5.00,35700.02
522.10,5.00,35718.02
522.20,5.50,35736.02
522.30,5.00,35754.02
522.40,5.00,35772.02
522.50,5.50,35790.02
522.60,5.00,35808.02
522.70,5.00,35826.02
522.80,5.00,35844.02
522.90,5.00,35862.02
523.00,5.00,35880.02
523.10,5.00,35898.02
523.20,5.50,35916.02
523.30,5.00,35934.02
523.40,4.50,35952.02
523.50,5.00,35970.02
523.60,5.50,35988.02
523.70,5.00,36006.02
523.80,5.00,36024.02
523.90,5.00,36044.02
524.00,5.00,36062.02
524.10,5.00,36080.02
524.20,5.50,36098.02
524.30,5.00,36116.02
524.40,5.00,36134.02
524.50,5.00,36152.02
524.60,4.50,36170.02
524.70,5.50,36188.02
524.80,5.00,36206.02
524.90,5.00,36224.02
525.00,5.00,36242.02
525.10,5.50,36260.02
525.20,5.00,36278.02
525.30,4.50,36296.02
525.40,5.50,36314.02
525.50,5.00,36332.02
525.60,5.00,36350.02
525.70,5.00,36368.02
525.80,5.00,32588.99
525.90,5.00,33272.99
526.00,5.00,33960.99
526.10,5.50,34646.99
526.20,4.50,35332.99
526.30,5.50,36020.99
526.40,5.00,36708.99
526.50,5.00,37394.99
526.60,5.00,38080.99
526.70,5.00,38766.99
526.80,5.00,39452.99
526.90,5.00,40140.99
527.00,5.00,31919.32
527.10,5.50,32401.32
527.20,5.00,32883.32
527.30,5.00,33367.32
527.40,5.00,33847.32
527.50,5.00,34331.32
527.60,5.00,34813.32
527.70,5.00,35297.32
527.80,5.00,35781.32
527.90,5.00,36265.32
528.00,5.00,36749.32
528.10,5.50,37231.32
528.20,4.50,37715.32
528.30,5.50,38199.32
528.40,5.00,38681.32
528.50,5.00,39163.32
528.60,4.50,39582.71
528.70,5.50,39994.71
528.80,5.00,40410.71
528.90,5.00,40824.71
529.00,5.00,41238.71
529.10,5.50,41652.71
529.20,5.00,42066.71
529.30,5.00,42482.71
529.40,4.50,42896.71
529.50,5.50,43308.71
529.60,5.00,43722.71
529.70,5.00,44138.71
529.80,5.00,44550.71
529.90,5.00,44964.71
530.00,5.00,45376.71
530.10,5.00,45790.71
530.20,5.50,46206.71
530.30,4.50,46620.71
530.40,5.50,39275.35
530.50,5.00,39488.79
530.60,4.50,39702.54
530.70,5.50,39915.82
530.80,5.00,40129.88
530.90,5.50,40343.32
531.00,4.50,40557.69
531.10,5.00,40771.44
531.20,5.00,40985.82
531.30,5.00,41198.94
531.40,5.50,41412.07
531.50,5.00,41625.82
531.60,5.00,41838.32
531.70,5.00,42052.85
531.80,5.00,42266.60
531.90,5.00,42480.19
532.00,5.00,42693.00
532.10,5.00,42907.07
532.20,5.00,43121.75
532.30,5.50,43334.57
532.40,5.00,43549.10
532.50,5.00,43762.69
532.60,4.50,43975.97
532.70,5.50,44189.57
532.80,5.00,44401.60
532.90,5.50,44615.19
533.00,5.00,44828.94
533.10,5.00,45041.91
533.20,5.00,45255.82
533.30,5.00,45469.88
533.40,5.00,45683.79
533.50,5.00,45897.22
533.60,5.00,46110.66
533.70,5.00,46324.10
533.80,5.50,46538.47
533.90,4.50,46750.35
534.00,5.50,46964.88
534.10,5.00,47170.35
534.20,5.00,47374.25
534.30,5.00,47577.38
534.40,5.00,47781.60
534.50,5.50,47985.19
534.60,5.00,48189.25
534.70,5.00,48393.79
534.80,5.00,48598.00
534.90,5.00,48800.82
535.00,5.00,49003.47
535.10,5.00,49209.57
535.20,5.00,49415.82
535.30,5.00,49621.29
535.40,5.00,49827.38
535.50,5.00,50032.22
535.60,5.00,50238.63
535.70,5.00,50444.72
535.80,5.50,50649.10
535.90,5.00,50855.35
536.00,5.00,51061.29
536.10,5.00,51266.60
536.20,5.00,51472.69
536.30,5.00,51678.32
536.40,5.00,51884.41
536.50,5.00,52090.35
536.60,5.00,52296.44
536.70,5.00,52503.00
536.80,5.50,52708.94
536.90,5.00,52915.50
537.00,5.00,53122.07
537.10,5.00,53328.63
537.20,5.00,53535.04
537.30,5.50,53740.66
537.40,5.00,53946.75
537.50,4.50,54152.22
537.60,5.50,54358.79
537.70,5.00,54564.88
537.80,5.00,54603.32
537.90,5.00,54603.32
538.00,5.00,54603.32
538.10,5.00,54603.32
538.20,5.00,54603.32
538.30,5.00,54603.32
538.40,5.00,54603.32
538.50,5.00,54603.32
538.60,5.00,54603.32
538.70,5.00,54603.32
538.80,5.00,54603.32
538.90,5.00,54603.32
539.00,5.00,54603.32
539.10,5.00,54603.32
539.20,5.00,54603.32
539.30,5.00,54603.32
539.40,5.00,54603.32
539.50,5.00,54603.32
539.60,5.00,54603.32
539.70,5.00,54603.32
539.80,5.00,54603.32
539.90,5.00,54603.32
540.00,5.00,54603.32
540.10,5.00,54603.32
540.20,5.00,54603.32
540.30,5.00,54603.32
540.40,5.00,54603.32
540.50,5.00,54603.32
540.60,5.00,54603.32
540.70,5.00,54603.32
540.80,5.00,54603.32
540.90,5.00,54603.32
541.00,5.00,54603.32
541.10,5.00,54603.32
541.20,5.00,54603.32
541.30,5.00,54603.32
541.40,5.00,54603.32
541.50,5.00,54603.32
541.60,5.00,54603.32
541.70,5.00,54603.32
541.80,5.00,54603.32
541.90,5.00,54603.32
542.00,5.00,54603.32
542.10,5.00,54603.32
542.20,5.00,54603.32
542.30,5.00,54603.32
542.40,5.00,54603.32
542.50,5.00,54603.32
542.60,5.50,54603.32
542.70,5.00,54603.32
542.80,5.00,54603.32
542.90,5.00,54603.32
543.00,5.00,54603.32
543.10,5.50,54603.32
543.20,5.00,54603.32
543.30,5.00,54603.32
543.40,5.00,54603.32
543.50,5.00,54603.32
543.60,5.00,54603.32
543.70,5.00,54603.32
543.80,5.00,54603.32
543.90,5.00,54603.32
544.00,5.00,54603.32
544.10,5.00,54603.32
544.20,5.00,54603.32
544.30,5.00,54603.32
544.40,5.00,54603.32
544.50,5.00,54603.32
544.60,5.00,54603.32
544.70,5.00,54603.32
544.80,5.00,54603.32
544.90,5.00,54603.32
545.00,5.00,54603.32
545.10,5.00,54603.32
545.20,5.00,54603.32
545.30,5.00,54603.32
545.40,5.00,54603.32
545.50,5.00,54603.32
545.60,5.50,54603.32
545.70,5.00,54603.32
545.80,5.00,54603.32
545.90,5.00,54603.32
546.00,5.00,54603.32
546.10,5.00,54603.32
546.20,5.00,54603.32
546.30,5.00,54603.32
546.40,5.00,54603.32
546.50,5.00,54603.32
546.60,5.00,54603.32
546.70,5.00,54603.32
546.80,5.00,54603.32
546.90,5.00,54603.32
547.00,5.00,54603.32
547.10,5.00,54603.32
547.20,5.00,54603.32
547.30,5.00,54603.32
547.40,5.00,54603.32
547.50,5.50,54603.32
547.60,5.50,54603.32
547.70,5.00,54603.32
547.80,5.00,54603.32
547.90,5.00,54603.32
548.00,5.00,54603.32
548.10,5.00,54603.32
548.20,5.00,54603.32
548.30,5.00,54603.32
548.40,5.00,54603.32
548.50,5.00,54603.32
548.60,5.00,54603.32
548.70,5.00,54603.32
548.80,5.00,54603.32
548.90,5.00,54603.32
549.00,5.00,54603.32
549.10,5.50,54603.32
549.20,5.00,54603.32
549.30,5.00,54603.32
549.40,5.00,54603.32
549.50,5.00,54603.32
549.60,5.00,54603.32
549.70,5.00,54603.32
549.80,5.00,54603.32
549.90,5.00,54603.32
550.00,5.00,54603.32
550.10,5.00,54603.32
550.20,5.50,54603.32
550.30,5.00,54603.32
550.40,5.00,54603.32
550.50,5.00,54603.32
550.60,5.00,54603.32
550.70,5.00,54603.32
550.80,5.00,54603.32
550.90,5.00,54603.32
551.00,5.00,54603.32
551.10,5.00,54603.32
551.20,5.50,54603.32
551.30,5.00,54603.32
551.40,5.00,54603.32
551.50,5.00,54603.32
551.60,5.00,54603.32
551.70,5.00,54603.32
551.80,5.00,54603.32
551.90,5.00,54603.32
552.00,5.00,54603.32
552.10,5.00,54603.32
552.20,5.50,54603.32
552.30,5.00,54603.32
552.40,5.00,54603.32
552.50,5.00,54603.32
552.60,5.00,54603.32
552.70,5.00,54603.32
552.80,5.00,54603.32
552.90,5.00,54603.32
553.00,5.00,54603.32
553.10,5.00,54603.32
553.20,5.50,54603.32
553.30,5.50,54603.32
553.40,5.00,54603.32
553.50,5.00,54603.32
553.60,5.00,54603.32
553.70,5.00,54603.32
553.80,5.00,54603.32
553.90,5.00,54603.32
554.00,5.00,54603.32
554.10,5.00,54603.32
554.20,5.00,54603.32
554.30,5.50,54603.32
554.40,5.00,54603.32
554.50,5.50,54603.32
554.60,5.00,54603.32
554.70,5.00,54603.32
554.80,5.00,54603.32
554.90,5.00,54603.32
555.00,5.00,54603.32
555.10,5.00,54603.32
555.20,5.00,54603.32
555.30,5.00,54603.32
555.40,5.00,54603.32
555.50,5.00,54603.32
555.60,5.00,54603.32
555.70,5.00,54603.32
555.80,5.50,54603.32
555.90,5.00,54603.32
556.00,5.00,54603.32
556.10,5.00,54603.32
556.20,5.00,54603.32
556.30,5.00,54603.32
556.40,5.00,54603.32
556.50,5.00,54603.32
556.60,5.00,54603.32
556.70,5.00,54603.32
556.80,5.50,54603.32
556.90,5.00,54603.32
557.00,5.00,54603.32
557.10,5.00,54603.32
557.20,5.00,54603.32
557.30,5.00,54603.32
557.40,5.00,54603.32
557.50,5.00,54603.32
557.60,5.00,54603.32
557.70,5.00,54603.32
557.80,5.50,54603.32
557.90,5.00,54603.32
558.00,5.00,54603.32
558.10,5.00,54603.32
558.20,5.00,54603.32
558.30,5.00,54603.32
558.40,5.00,54603.32
558.50,5.00,54603.32
558.60,5.00,54603.32
558.70,5.00,54603.32
558.80,5.00,54603.32
558.90,5.00,54603.32
559.00,5.00,54603.32
559.10,5.00,54603.32
559.20,5.00,54603.32
559.30,5.00,54603.32
559.40,5.00,54603.32
559.50,5.00,54603.32
559.60,5.00,54603.32
559.70,5.00,54603.32
559.80,5.00,54110.85
559.90,5.00,51913.65
560.00,5.00,49707.33
560.10,5.00,47481.36
560.20,5.50,47279.32
560.30,4.50,47769.32
560.40,5.50,48259.32
560.50,5.00,48747.32
560.60,5.00,49237.32
560.70,5.00,49727.32
560.80,5.00,50217.32
560.90,5.50,50707.32
561.00,5.00,51195.32
561.10,4.50,51685.32
561.20,5.50,52175.32
561.30,4.50,52665.32
561.40,5.50,53155.32
561.50,5.00,53643.32
561.60,5.00,54133.32
561.70,5.00,54489.68
561.80,5.00,52219.32
561.90,5.00,50101.32
562.00,5.00,47973.83
562.10,5.00,39349.73
562.20,5.00,39575.35
562.30,5.50,39800.20
562.40,5.00,40027.23
562.50,5.00,40253.16
562.60,5.00,40478.16
562.70,5.00,40702.38
562.80,5.50,40926.45
562.90,5.00,41150.04
563.00,4.50,41373.95
563.10,5.50,41598.48
563.20,5.00,41822.70
563.30,5.00,42047.23
563.40,5.00,42270.98
563.50,5.50,42492.70
563.60,5.00,42717.23
563.70,5.00,42941.29
563.80,5.00,43165.20
563.90,5.00,43388.79
564.00,5.00,43613.48
564.10,5.50,43838.48
564.20,5.00,44062.38
564.30,5.00,44286.45
564.40,4.50,44510.98
564.50,5.50,44735.20
564.60,5.00,44959.26
564.70,5.00,45184.26
564.80,5.00,45409.10
564.90,5.50,45632.85
565.00,5.00,45856.76
565.10,5.00,46080.35
565.20,5.00,46304.88
565.30,5.00,46529.10
565.40,5.00,46753.48
565.50,5.00,46975.66
565.60,5.00,47179.73
565.70,5.50,47385.20
565.80,5.00,47589.10
565.90,4.50,47792.54
566.00,5.00,47996.45
566.10,5.50,48200.20
566.20,5.00,48404.26
566.30,5.00,48607.70
566.40,5.00,48811.60
566.50,5.00,49014.57
566.60,5.00,49218.79
566.70,5.00,49423.16
566.80,5.50,49627.07
566.90,4.50,49831.13
567.00,5.00,50035.20
567.10,5.50,50238.95
567.20,4.50,50443.16
567.30,5.50,50646.45
567.40,5.00,50850.35
567.50,5.00,51053.95
567.60,5.00,51257.85
567.70,5.00,51461.29
567.80,5.00,51665.04
567.90,5.50,51868.79
568.00,4.50,52073.01
568.10,5.00,52277.23
568.20,5.50,52480.98
568.30,5.00,52683.01
568.40,5.00,52885.20
568.50,5.00,53086.76
568.60,5.00,53288.79
568.70,5.00,53490.82
568.80,5.00,53693.16
568.90,5.50,53894.57
569.00,5.00,54096.13
569.10,4.50,54297.85
569.20,5.50,54499.73
569.30,5.00,54653.32
569.40,5.00,54653.32
569.50,5.00,54653.32
569.60,5.00,54653.32
569.70,5.00,54653.32
569.80,5.00,54653.32
569.90,5.00,54653.32
570.00,5.00,54653.32
570.10,5.00,54653.32
570.20,5.00,54653.32
570.30,5.00,54653.32
570.40,5.00,54653.32
570.50,5.00,54653.32
570.60,5.00,54653.32
570.70,5.00,54653.32
570.80,5.00,54653.32
570.90,5.00,54653.32
571.00,5.00,54653.32
571.10,5.00,54653.32
571.20,5.00,54653.32
571.30,5.00,54653.32
571.40,5.00,54653.32
571.50,5.00,54653.32
571.60,5.00,54653.32
571.70,5.00,54653.32
571.80,5.00,54653.32
571.90,5.00,54653.32
572.00,5.00,54653.32
572.10,5.00,54653.32
572.20,5.00,54653.32
572.30,5.00,54653.32
572.40,5.00,54653.32
572.50,5.00,54653.32
572.60,5.00,54653.32
572.70,5.00,54653.32
572.80,5.00,54653.32
572.90,5.00,54653.32
573.00,5.00,54653.32
573.10,5.00,54653.32
573.20,5.00,54653.32
573.30,5.00,54653.32
573.40,5.00,54653.32
573.50,5.00,54653.32
573.60,5.00,54653.32
573.70,5.50,54653.32
573.80,5.00,54653.32
573.90,5.00,54653.32
574.00,5.00,54653.32
574.10,5.00,54653.32
574.20,5.50,54653.32
574.30,5.00,54653.32
574.40,5.00,54653.32
574.50,5.00,54653.32
574.60,5.00,54653.32
574.70,5.00,54653.32
574.80,5.00,54653.32
574.90,5.00,54653.32
575.00,5.00,54653.32
575.10,5.50,54653.32
575.20,5.00,54653.32
575.30,5.00,54653.32
575.40,5.00,54653.32
575.50,5.00,54653.32
575.60,5.00,54653.32
575.70,5.00,54653.32
575.80,5.00,54653.32
575.90,5.00,54653.32
576.00,5.00,54653.32
576.10,5.00,54653.32
576.20,5.00,54653.32
576.30,5.00,54653.32
576.40,5.00,54653.32
576.50,5.00,54653.32
576.60,5.50,54653.32
576.70,5.00,54653.32
576.80,5.00,54653.32
576.90,5.00,54653.32
577.00,5.00,54653.32
577.10,5.00,54653.32
577.20,5.00,54653.32
577.30,5.00,54653.32
577.40,5.00,54653.32
577.50,5.00,54653.32
577.60,5.00,54653.32
577.70,5.00,54653.32
577.80,5.00,54653.32
577.90,5.50,54653.32
578.00,5.00,54653.32
578.10,5.00,54653.32
578.20,5.00,54653.32
578.30,5.00,54653.32
578.40,5.00,54653.32
578.50,5.00,54653.32
578.60,5.00,54653.32
578.70,5.00,54653.32
578.80,5.00,54653.32
578.90,5.00,54653.32
579.00,5.50,54653.32
579.10,5.00,54653.32
579.20,5.00,54653.32
579.30,5.00,54653.32
579.40,5.00,54653.48
579.50,5.50,54653.48
579.60,5.00,54653.48
579.70,5.00,54653.48
579.80,5.00,54653.48
579.90,5.00,54653.48
580.00,5.00,54653.48
580.10,5.00,54653.48
580.20,5.00,54653.48
580.30,5.00,54653.48
580.40,5.00,54653.48
580.50,5.00,54653.48
580.60,5.00,54653.48
580.70,5.00,54653.48
580.80,5.00,54653.48
580.90,5.50,54653.48
581.00,5.00,54653.48
581.10,5.00,54653.48
581.20,5.00,54653.48
581.30,5.00,54653.48
581.40,5.00,54653.48
581.50,5.00,54653.48
581.60,5.00,54653.48
581.70,5.00,54653.48
581.80,5.00,54653.48
581.90,5.50,54653.48
582.00,5.00,54653.48
582.10,5.00,54653.48
582.20,5.00,54653.48
582.30,5.00,54653.48
582.40,5.00,54653.48
582.50,5.00,54653.48
582.60,5.00,54653.48
582.70,5.00,54653.48
582.80,5.00,54653.48
582.90,5.50,54653.48
583.00,5.00,54653.48
583.10,5.00,54653.48
583.20,5.00,54653.48
583.30,5.00,54653.48
583.40,5.00,54653.48
583.50,5.00,54653.48
583.60,5.00,54653.48
583.70,5.00,54653.48
583.80,5.00,54653.48
583.90,5.50,54653.48
584.00,5.50,54653.48
584.10,5.00,54653.48
584.20,5.00,54653.48
584.30,5.00,54653.48
584.40,5.00,54653.48
584.50,5.00,54653.48
584.60,5.00,54653.48
584.70,5.00,54653.48
584.80,5.00,54653.48
584.90,5.50,54653.48
585.00,5.00,54653.48
585.10,5.00,54653.48
585.20,5.00,54653.48
585.30,5.00,54653.48
585.40,5.00,54653.48
585.50,5.00,54653.48
585.60,5.00,54653.48
585.70,5.00,54653.48
585.80,5.00,54653.48
585.90,5.50,54653.48
586.00,5.00,54653.48
586.10,5.50,54653.48
586.20,5.00,54653.48
586.30,5.00,54653.48
586.40,5.00,54653.48
586.50,5.00,54653.48
586.60,5.00,54653.48
586.70,5.00,54653.48
586.80,5.00,54653.48
586.90,5.00,54653.48
587.00,5.00,54653.48
587.10,5.00,54653.48
587.20,5.00,54653.48
587.30,5.00,54653.48
587.40,5.50,54653.48
587.50,5.00,54653.48
587.60,5.00,54653.48
587.70,5.00,54653.48
587.80,5.00,54653.48
587.90,5.00,54653.48
588.00,5.00,54653.48
588.10,5.00,54653.48
588.20,5.50,54653.48
588.30,5.00,54653.48
588.40,5.00,54653.48
588.50,5.00,54653.48
588.60,5.00,54653.48
588.70,5.00,54653.48
588.80,5.00,54653.48
588.90,5.00,54653.48
589.00,5.00,54653.48
589.10,5.00,54653.48
589.20,5.00,54653.48
589.30,5.00,54653.48
589.40,5.00,54653.48
589.50,5.00,54653.48
589.60,5.00,54653.48
589.70,5.50,54653.48
589.80,5.00,54653.48
589.90,5.00,54653.48
590.00,5.00,54653.48
590.10,5.50,54653.48
590.20,5.00,54653.48
590.30,5.00,54653.48
590.40,5.00,54653.48
590.50,5.00,54653.48
590.60,5.00,54653.48
590.70,5.00,54653.48
590.80,5.00,54653.48
590.90,5.00,54653.48
591.00,5.50,54653.48
591.10,5.00,54653.48
591.20,5.00,54653.48
591.30,5.00,54653.48
591.40,5.00,54653.48
591.50,4.50,53554.89
591.60,5.50,51357.69
591.70,5.00,49189.49
591.80,5.00,47001.16
591.90,5.00,47451.48
592.00,4.50,47941.48
592.10,5.50,48433.48
592.20,5.00,48923.48
592.30,5.00,49415.48
592.40,5.00,49905.48
592.50,5.00,50395.48
592.60,5.50,50885.48
592.70,4.50,51375.48
592.80,5.50,51865.48
592.90,4.50,52353.48
593.00,5.00,52843.48
593.10,5.50,53333.48
593.20,5.00,53821.48
593.30,5.00,54311.48
593.40,5.00,53933.71
593.50,5.00,51812.28
593.60,5.50,49675.49
593.70,5.00,47531.52
593.80,4.50,47225.48
593.90,5.50,47585.48
594.00,4.50,47945.48
594.10,5.50,48305.48
594.20,5.50,48663.48
594.30,4.50,49023.48
594.40,5.50,49385.48
594.50,5.00,49745.48
594.60,5.00,50105.48
594.70,5.00,50467.48
594.80,5.50,50827.48
594.90,4.50,51187.48
595.00,5.00,51547.48
595.10,5.50,51909.48
595.20,5.00,52269.48
595.30,5.00,52629.48
595.40,5.00,52989.48
595.50,5.00,53349.48
595.60,5.50,53711.48
595.70,4.50,54071.48
595.80,5.00,54431.48
595.90,5.00,54736.92
596.00,5.00,54953.48
596.10,5.00,55170.82
596.20,5.50,55387.07
596.30,5.00,55603.17
596.40,5.00,55819.42
596.50,5.00,56035.20
596.60,5.00,56250.51
596.70,5.50,56467.07
596.80,4.50,56683.32
596.90,5.50,56899.26
597.00,5.00,57115.51
597.10,5.00,57331.61
597.20,5.00,57547.23
597.30,5.00,57763.17
597.40,5.00,57979.42
597.50,5.00,58195.04
597.60,5.50,58410.36
597.70,4.50,58627.07
597.80,5.00,58842.70
597.90,5.00,59057.86
598.00,5.00,59273.95
598.10,5.50,59489.57
598.20,5.00,59705.36
598.30,5.00,59921.14
598.40,5.00,60137.70
598.50,5.00,60354.11
598.60,5.00,60569.57
598.70,5.00,60785.67
598.80,5.00,61002.07
598.90,5.50,61218.32
599.00,5.00,61433.48
599.10,5.00,61648.95
599.20,5.00,61865.04
599.30,5.00,62081.61
599.40,5.00,62297.86
599.50,5.00,62476.92
599.60,5.00,62648.79
599.70,5.00,62820.36
599.80,5.50,62992.07
599.90,4.50,63163.79
600.00,5.50,63335.20
600.10,5.00,63505.98
600.20,5.00,63677.86
600.30,5.00,63849.42
600.40,5.00,64021.61
600.50,5.00,64192.39
600.60,5.00,64364.57
600.70,5.00,64535.98
600.80,5.00,64707.70
600.90,5.50,64878.95
601.00,5.00,65050.20
601.10,5.00,65221.76
601.20,5.00,65393.17
601.30,5.00,65564.73
601.40,5.00,65736.45
601.50,5.50,65907.86
601.60,5.00,66080.36
601.70,5.50,66252.07
601.80,5.00,66423.48
601.90,5.00,66594.42
602.00,5.00,66765.51
602.10,5.00,66936.76
602.20,5.00,67108.01
602.30,5.00,67279.42
602.40,5.50,67450.82
602.50,4.50,67622.23
602.60,5.50,67793.79
602.70,7.00,67963.17
602.80,6.10,68131.76
602.90,5.50,68303.79
603.00,5.00,68475.20
603.10,5.00,68647.39
603.20,5.00,68819.42
603.30,5.00,68991.45
603.40,5.00,69163.32
603.50,5.00,69335.67
603.60,5.00,69507.07
603.70,5.50,69678.64
603.80,5.00,69850.51
603.90,4.50,70013.48
604.00,5.50,70013.48
604.10,5.00,70013.48
604.20,5.50,70013.48
604.30,5.00,70013.48
604.40,5.00,70013.48
604.50,5.50,70013.48
604.60,5.00,70013.48
604.70,5.00,70013.48
604.80,5.00,70013.48
604.90,5.00,70013.48
605.00,5.00,70013.48
605.10,5.00,70013.48
605.20,5.00,70013.48
605.30,5.00,70013.48
605.40,5.00,70013.48
605.50,5.00,70013.48
605.60,5.00,70013.48
605.70,5.00,70013.48
605.80,5.00,70013.48
605.90,5.00,70013.48
606.00,5.50,70013.48
606.10,5.00,70013.48
606.20,5.50,70013.48
606.30,5.00,70013.48
606.40,5.00,70013.48
606.50,5.00,70013.48
606.60,5.00,70013.48
606.70,5.00,70013.48
606.80,5.00,70013.48
606.90,5.00,70013.48
607.00,5.00,70013.48
607.10,5.00,70013.48
607.20,5.00,70013.48
607.30,5.00,70013.48
607.40,5.00,70013.48
607.50,5.00,70013.48
607.60,5.00,70013.48
607.70,5.00,70013.48
607.80,5.50,70013.48
607.90,5.00,70013.48
608.00,5.00,70013.48
608.10,5.00,70013.48
608.20,5.00,70013.48
608.30,5.00,70013.48
608.40,5.00,70013.48
608.50,5.00,70013.48
608.60,5.00,70013.48
608.70,5.00,70013.48
608.80,5.50,70013.48
608.90,5.00,70013.48
609.00,5.00,70013.48
609.10,5.00,70013.48
609.20,5.00,70013.48
609.30,5.00,70013.48
609.40,5.00,70013.48
609.50,5.00,70013.48
609.60,5.00,70013.48
609.70,5.00,70013.48
609.80,5.00,70013.48
609.90,5.50,70013.48
610.00,5.00,70013.48
610.10,5.00,70013.48
610.20,5.00,70013.48
610.30,5.00,70013.48
610.40,5.00,70013.48
610.50,5.00,70013.48
610.60,5.00,70013.48
610.70,5.00,70013.48
610.80,5.00,70013.48
610.90,5.50,70013.48
611.00,5.00,70013.48
611.10,5.00,70013.48
611.20,5.00,70013.48
611.30,5.00,70013.48
611.40,5.00,70013.48
611.50,5.00,70013.48
611.60,5.00,70013.48
611.70,5.00,70013.48
611.80,5.50,70013.48
611.90,5.00,70013.48
612.00,5.00,70013.48
612.10,5.00,70013.48
612.20,5.00,70013.48
612.30,5.50,70013.48
612.40,5.00,70013.48
612.50,5.00,70013.48
612.60,5.00,70013.48
612.70,5.00,70013.48
612.80,5.00,70013.48
612.90,5.00,70013.48
613.00,5.00,70013.48
613.10,5.00,70013.48
613.20,5.00,70013.48
613.30,5.00,70013.48
613.40,5.00,70013.48
613.50,5.00,70013.48
613.60,5.00,70013.48
613.70,5.00,70013.48
613.80,5.50,70013.48
613.90,5.00,70013.48
614.00,5.00,70013.48
614.10,5.00,70013.48
614.20,5.00,70013.48
614.30,5.00,70013.48
614.40,5.00,70013.48
614.50,5.00,70013.48
614.60,5.00,70013.48
614.70,5.50,70013.48
614.80,5.00,70013.48
614.90,5.00,70013.48
615.00,5.00,70013.48
615.10,5.00,70013.48
615.20,5.00,70013.48
615.30,5.00,70013.48
615.40,5.00,70013.48
615.50,5.00,70013.48
615.60,5.00,70013.48
615.70,5.00,70013.48
615.80,5.00,70013.48
615.90,5.50,70013.48
616.00,5.00,70013.48
616.10,5.00,70013.48
616.20,5.00,70013.48
616.30,5.00,70013.48
616.40,5.50,70013.48
616.50,5.00,70013.48
616.60,5.00,70013.48
616.70,5.00,70013.48
616.80,5.00,70013.48
616.90,5.00,70013.48
617.00,5.00,70013.48
617.10,5.50,70013.48
617.20,5.00,70013.48
617.30,5.00,70013.48
617.40,5.00,70013.48
617.50,5.00,70013.48
617.60,5.00,70013.48
617.70,5.00,70013.48
617.80,5.00,70013.48
617.90,5.00,70013.48
618.00,5.00,70013.48
618.10,5.00,70013.48
618.20,5.00,70013.48
618.30,5.00,70013.48
618.40,5.00,70013.48
618.50,5.00,70013.48
618.60,5.00,70013.48
618.70,5.00,70013.48
618.80,5.00,70013.48
618.90,5.00,70013.48
619.00,5.00,70013.48
619.10,5.00,70013.48
619.20,5.00,70013.48
619.30,5.00,70013.48
619.40,5.00,70013.48
619.50,5.00,70013.48
619.60,5.00,70013.48
619.70,5.00,70013.48
619.80,5.00,70013.48
619.90,5.00,70013.48
620.00,5.00,70013.48
620.10,5.00,70013.48
620.20,5.00,70013.48
620.30,5.00,70013.48
620.40,5.00,70013.48
620.50,5.00,70013.48
620.60,5.00,70013.48
620.70,5.00,70013.48
620.80,5.00,70013.48
620.90,5.00,70013.48
621.00,5.00,70013.48
621.10,5.00,70013.48
621.20,5.00,70013.48
621.30,5.00,70013.48
621.40,5.00,70013.48
621.50,5.00,70013.48
621.60,5.00,70013.48
621.70,5.00,70013.48
621.80,5.00,70013.48
621.90,5.00,70013.48
622.00,5.00,70013.48
622.10,5.00,70013.48
622.20,5.00,70013.48
622.30,5.00,70013.48
622.40,5.00,70013.48
622.50,5.00,70013.48
622.60,5.00,70013.48
622.70,5.00,70013.48
622.80,5.00,70013.48
622.90,5.00,70013.48
623.00,5.00,70013.48
623.10,5.00,70013.48
623.20,5.00,70013.48
623.30,5.00,70013.48
623.40,5.00,70013.48
623.50,5.00,70013.48
623.60,5.00,70013.48
623.70,5.00,70013.48
623.80,5.00,70013.48
623.90,5.00,70013.48
624.00,5.00,70013.48
624.10,5.00,70013.48
624.20,5.00,70013.48
624.30,5.00,70013.48
624.40,5.00,70013.48
624.50,5.00,70013.48
624.60,5.00,70013.48
624.70,5.00,70013.48
624.80,5.00,70013.48
624.90,5.00,70013.48
625.00,5.50,70013.48
625.10,5.00,70013.48
625.20,5.00,70013.48
625.30,5.00,70013.48
625.40,5.00,70013.48
625.50,5.00,70013.48
625.60,5.00,70013.48
625.70,5.00,70013.48
625.80,5.00,70013.48
625.90,5.00,70013.48
626.00,5.00,70013.48
626.10,5.00,70013.48
626.20,5.00,70013.48
626.30,5.00,70013.48
626.40,5.00,70013.48
626.50,5.00,70013.48
626.60,5.00,70013.48
626.70,5.00,70013.48
626.80,5.00,70013.48
626.90,5.00,70013.48
627.00,5.00,70013.48
627.10,5.00,70013.48
627.20,5.00,70013.48
627.30,5.00,69121.50
627.40,5.00,67157.50
627.50,5.00,65240.26
627.60,5.00,63384.00
627.70,5.00,62521.49
627.80,5.00,63003.49
627.90,5.00,63485.49
628.00,5.50,63967.49
628.10,4.50,64451.49
628.20,5.50,64933.49
628.30,4.50,65417.49
628.40,5.50,65901.49
628.50,5.00,66381.49
628.60,5.00,66865.49
628.70,5.00,67347.49
628.80,5.00,67829.49
628.90,5.00,68311.49
629.00,5.50,68793.49
629.10,4.50,69277.49
629.20,5.00,69759.49
629.30,5.00,68917.49
629.40,5.00,66793.49
629.50,5.00,64634.13
629.60,5.00,62474.81
629.70,5.50,39369.48
629.80,5.00,39767.48
629.90,5.50,40163.48
630.00,5.00,40563.48
630.10,4.50,40961.48
630.20,5.50,41359.48
630.30,4.50,41757.48
630.40,5.50,42155.48
630.50,5.00,42553.48
630.60,5.00,42951.48
630.70,5.00,43349.48
630.80,5.00,43747.48
630.90,5.00,44145.48
631.00,5.00,44541.48
631.10,5.00,44939.48
631.20,5.00,45337.48
631.30,5.50,45733.48
631.40,5.00,46133.48
631.50,5.00,46529.48
631.62,5.00,31613.47
631.70,5.00,31613.47
631.80,5.00,31613.47
631.90,5.00,31613.47
632.00,5.00,31613.47
632.10,5.00,31613.47
632.20,5.00,31613.47
632.30,5.00,31613.47
632.40,5.00,31613.47
632.50,5.00,31613.47
632.60,5.00,31613.47
632.70,5.00,31613.47
632.80,5.00,31613.47
641.30,5.00,35428.19
730.28,5.00,35428.19
730.30,4.00,35438.19
730.40,5.00,35470.19
730.50,5.00,35502.19
730.60,5.00,35534.19
730.70,5.50,35568.19
730.80,4.50,35600.19
730.90,5.00,35632.19
731.00,5.50,35666.19
731.10,5.00,35698.19
731.20,4.50,35730.19
731.30,5.50,35762.19
731.40,5.00,35794.19
731.50,5.00,35828.19
731.60,5.00,35860.19
731.70,5.00,35892.19
731.80,5.00,35926.19
731.90,5.50,35958.19
732.00,4.50,35992.19
732.10,5.50,36024.19
732.20,5.00,36058.19
732.30,4.50,36090.19
732.40,5.50,36122.19
732.50,5.00,36156.19
732.60,5.00,36188.19
732.70,5.00,36220.19
732.80,5.00,36252.19
732.90,5.50,36284.19
733.00,4.50,36316.19
733.10,5.50,36350.19
733.20,5.00,36380.50
733.30,5.00,33137.16
733.40,5.00,33825.16
733.50,5.00,34511.16
733.60,5.00,35197.16
733.70,5.00,35885.16
733.80,5.00,36571.16
733.90,5.50,37255.16
734.00,5.00,37941.16
734.10,5.00,38627.16
734.20,4.50,39313.16
734.30,5.50,40001.16
734.40,5.00,31821.49
734.50,5.00,32303.49
734.60,5.00,32785.49
734.70,6.50,33263.49
734.80,9.50,33739.49
734.90,5.00,34221.49
735.00,5.00,34701.49
735.10,5.50,35183.49
735.20,4.50,35665.49
735.30,5.00,36145.49
735.40,5.50,36629.49
735.50,4.50,37109.49
735.60,5.50,37589.49
735.70,5.00,38071.49
735.80,5.00,38555.49
735.90,5.00,39037.49
736.00,5.00,39476.89
736.10,5.00,39888.89
736.20,5.00,40302.89
736.30,5.00,40714.89
736.40,5.00,41128.89
736.50,5.50,41540.89
736.60,5.00,41952.89
736.70,5.00,42366.89
736.80,5.00,42778.89
736.90,4.50,43190.89
737.00,5.50,43604.89
737.10,5.00,44018.89
737.20,5.50,44430.89
737.30,4.50,44844.89
737.40,5.00,45258.89
737.50,5.50,45670.89
737.60,5.50,46082.89
737.70,5.00,46496.89
737.82,5.20,39243.96
737.90,4.80,39423.18
738.00,4.50,39637.24
738.10,5.50,39850.99
738.20,5.00,40065.36
738.30,5.50,40279.58
738.40,5.00,40493.33
738.50,5.00,40707.24
738.60,5.00,40920.83
738.70,5.00,41135.52
738.80,4.50,41349.27
738.90,5.50,41563.33
739.00,5.00,41777.71
739.10,5.00,41992.24
739.20,5.00,42206.14
739.30,5.50,42420.05
739.40,4.50,42634.43
739.50,5.00,42848.64
739.60,5.00,43062.08
739.70,5.00,43276.14
739.80,5.50,43489.74
739.90,4.50,43703.80
740.00,5.50,43918.02
740.10,5.00,44131.93
740.20,5.00,44345.68
740.30,5.00,44559.74
740.40,5.00,44773.96
740.50,5.50,44987.71
740.60,5.00,45201.46
740.70,5.00,45414.74
740.80,5.00,45629.11
740.90,5.00,45843.02
741.00,5.00,46056.61
741.10,5.00,46270.83
741.20,5.50,46483.49
741.30,5.00,46697.24
741.40,5.00,46911.61
741.50,5.00,47115.99
741.60,5.00,47317.86
741.70,5.00,47519.11
741.80,5.00,47721.77
741.90,5.00,47923.18
742.00,5.00,48124.89
742.10,5.00,48327.08
742.20,5.50,48528.49
742.30,5.50,48730.52
742.40,5.00,48931.93
742.50,4.50,49133.80
742.60,5.50,49335.99
742.70,5.00,49538.02
742.80,5.00,49740.68
742.90,5.00,49942.86
743.00,5.00,50144.89
743.10,5.00,50346.93
743.20,5.00,50548.64
743.30,5.00,50750.68
743.40,5.50,50952.86
743.50,5.00,51155.05
743.60,5.00,51356.77
743.70,5.00,51558.64
743.80,5.00,51760.83
743.90,5.00,51962.86
744.00,5.00,52165.05
744.10,5.00,52367.39
744.20,5.00,52569.11
744.30,5.50,52771.61
744.40,4.50,52973.64
744.50,5.50,53175.68
744.60,5.00,53377.55
744.70,5.00,53579.74
744.80,5.00,53782.08
744.90,5.00,53983.80
745.00,5.00,54185.99
745.10,5.00,54388.33
745.20,5.00,54590.83
745.30,5.00,54603.49
745.40,5.00,54603.49
745.50,5.00,54603.49
745.60,5.00,54603.49
745.70,5.00,54603.49
745.80,5.00,54603.49
745.90,5.00,54603.49
746.00,5.00,54603.49
746.10,5.00,54603.49
746.20,5.00,54603.49
746.30,5.00,54603.49
746.40,5.00,54603.49
746.50,5.00,54603.49
746.60,5.00,54603.49
746.70,5.00,54603.49
746.80,5.00,54603.49
746.90,5.00,54603.49
747.00,5.00,54603.49
747.10,5.00,54603.49
747.20,5.00,54603.49
747.30,5.00,54603.49
747.40,5.00,54603.49
747.50,5.00,54603.49
747.60,5.00,54603.49
747.70,5.00,54603.49
747.80,5.50,54603.49
747.90,5.00,54603.49
748.00,5.00,54603.49
748.10,5.00,54603.49
748.20,5.00,54603.49
748.30,5.00,54603.49
748.40,5.00,54603.49
748.50,5.00,54603.49
748.60,5.00,54603.49
748.70,5.50,54603.49
748.80,5.50,54603.49
748.90,5.00,54603.49
749.00,5.00,54603.49
749.10,5.00,54603.49
749.20,5.00,54603.49
749.30,5.00,54603.49
749.40,5.00,54603.49
749.50,5.00,54603.49
749.60,5.00,54603.49
749.70,5.00,54603.49
749.80,5.00,54603.49
749.90,5.00,54603.49
750.00,5.00,54603.49
750.10,5.00,54603.49
750.20,5.00,54603.49
750.30,5.00,54603.49
750.40,5.00,54603.49
750.50,5.00,54603.49
750.60,5.00,54603.49
750.70,5.50,54603.49
750.80,5.00,54603.49
750.90,5.00,54603.49
751.00,5.00,54603.49
751.10,5.00,54603.49
751.20,5.00,54603.49
751.30,5.00,54603.49
751.40,5.00,54603.49
751.50,5.00,54603.49
751.60,5.00,54603.49
751.70,5.00,54603.49
751.80,5.00,54603.49
751.90,5.00,54603.49
752.00,5.00,54603.49
752.10,5.00,54603.49
752.20,5.00,54603.49
752.30,5.50,54603.49
752.40,5.00,54603.49
752.50,5.00,54603.49
752.60,5.50,54603.49
752.70,5.00,54603.49
752.80,5.00,54603.49
752.90,5.00,54603.49
753.00,5.00,54603.49
753.10,5.00,54603.49
753.20,5.00,54603.49
753.30,5.00,54603.49
753.40,5.00,54603.49
753.50,5.00,54603.49
753.60,5.00,54603.49
753.70,5.00,54603.49
753.80,5.00,54603.49
753.90,5.00,54603.49
754.00,5.50,54603.49
754.10,5.00,54603.49
754.20,5.00,54603.49
754.30,5.00,54603.49
754.40,5.00,54603.49
754.50,5.00,54603.49
754.60,5.00,54603.49
754.70,5.00,54603.49
754.80,5.00,54603.49
754.90,5.00,54603.49
755.00,5.00,54603.49
755.10,5.00,54603.49
755.20,5.00,54603.49
755.30,5.50,54603.49
755.40,5.00,54603.49
755.50,5.00,54603.49
755.60,5.50,54603.49
755.70,5.00,54603.49
755.80,5.00,54603.49
755.90,5.00,54603.49
756.00,5.00,54603.49
756.10,5.00,54603.49
756.20,5.00,54603.49
756.30,5.00,54603.49
756.40,5.00,54603.49
756.50,5.50,54603.49
756.60,5.00,54603.49
756.70,5.00,54603.49
756.80,5.00,54603.49
756.90,5.00,54603.49
757.00,5.00,54603.49
757.10,5.00,54603.49
757.20,5.00,54603.49
757.30,5.00,54603.49
757.40,5.00,54603.49
757.50,5.50,54603.49
757.60,5.00,54603.49
757.70,5.00,54603.49
757.80,5.00,54603.49
757.90,5.00,54603.49
758.00,5.00,54603.49
758.10,5.50,54603.49
758.20,5.00,54603.49
758.30,5.00,54603.49
758.40,5.00,54603.49
758.50,5.50,54603.49
758.60,5.00,54603.49
758.70,5.00,54603.49
758.80,5.00,54603.49
758.90,5.00,54603.49
759.00,5.00,54603.49
759.10,5.00,54603.49
759.20,5.00,54603.49
759.30,5.00,54603.49
759.40,5.00,54603.49
759.50,5.50,54603.49
759.60,5.00,54603.49
759.70,5.00,54603.49
759.80,5.00,54603.49
759.90,5.00,54603.49
760.00,5.00,54603.49
760.10,5.00,54603.49
760.20,5.00,54603.49
760.30,5.00,54603.49
760.40,5.00,54603.49
760.50,5.00,54603.49
760.60,5.50,54603.49
760.70,5.00,54603.49
760.80,5.00,54603.49
760.90,5.00,54603.49
761.00,5.00,54603.49
761.10,5.00,54603.49
761.20,5.00,54603.49
761.30,5.00,54603.49
761.40,5.00,54603.49
761.50,5.00,54603.49
761.60,5.50,54603.49
761.70,5.00,54603.49
761.80,5.00,54603.49
761.90,5.00,54603.49
762.00,5.00,54603.49
762.10,5.00,54603.49
762.20,5.00,54603.49
762.30,5.00,54603.49
762.40,5.00,54603.49
762.50,5.00,54603.49
762.60,5.00,54603.49
762.70,5.00,54603.49
762.80,5.50,54603.49
762.90,5.00,54603.49
763.00,5.00,54603.49
763.10,5.00,54603.49
763.20,5.00,54603.49
763.30,5.00,54603.49
763.40,5.00,54603.49
763.50,5.00,54603.49
763.60,5.00,54603.49
763.70,5.00,54603.49
763.80,5.00,54603.49
763.90,5.00,54603.49
764.00,5.00,54603.49
764.10,5.00,54603.49
764.20,5.00,54603.49
764.30,5.50,54603.49
764.40,5.50,54603.49
764.50,5.00,54603.49
764.60,5.00,54603.49
764.70,5.00,54603.49
764.80,5.00,54603.49
764.90,5.00,54603.49
765.00,5.00,54603.49
765.10,5.00,54603.49
765.20,5.00,54603.49
765.30,5.00,54603.49
765.40,5.00,54603.49
765.50,5.00,54603.49
765.60,5.00,54603.49
765.70,5.00,54603.49
765.80,5.00,54603.49
765.90,5.00,54603.49
766.00,5.50,54603.49
766.10,5.00,54603.49
766.20,5.00,54603.49
766.30,5.00,54603.49
766.40,5.00,54603.49
766.50,5.00,54603.49
766.60,5.00,54603.49
766.70,5.00,54603.49
766.80,5.50,54603.49
766.90,5.00,54603.49
767.00,5.00,54603.49
767.10,5.00,54603.49
767.20,5.00,54603.49
767.30,5.00,54537.50
767.40,5.00,52330.53
767.50,5.00,50131.50
767.60,5.00,47898.24
767.70,5.00,47191.49
767.80,5.00,47683.49
767.90,5.00,48175.49
768.00,5.00,48667.49
768.10,5.00,49157.49
768.20,5.00,49649.49
768.30,5.50,50137.49
768.40,5.50,50629.49
768.50,5.00,51119.49
768.60,5.00,51611.49
768.70,5.00,52103.49
768.80,5.00,52595.49
768.90,5.00,53087.49
769.00,5.00,53579.49
769.10,5.50,54071.49
769.20,5.00,54563.49
769.30,4.50,52487.50
769.40,5.00,50360.62
769.50,5.00,48239.18
769.60,5.50,39320.68
769.70,5.00,39544.43
769.80,5.00,39768.34
769.90,5.00,39990.84
770.00,5.00,40213.96
770.10,5.00,40435.37
770.20,5.00,40655.84
770.30,5.50,40877.09
770.40,4.50,41097.24
770.50,5.50,41316.77
770.60,5.00,41538.96
770.70,5.00,41761.46
770.80,5.00,41983.49
770.90,5.00,42204.90
771.00,5.00,42426.15
771.10,5.00,42647.87
771.20,5.00,42869.90
771.30,5.00,43092.55
771.40,5.00,43314.74
771.50,5.00,43535.52
771.60,5.50,43757.71
771.70,4.50,43980.52
771.80,5.50,44203.02
771.90,5.00,44424.12
772.00,5.00,44646.77
772.10,5.50,44868.65
772.20,5.00,45090.37
772.30,4.50,45312.87
772.40,5.00,45533.65
772.50,5.00,45755.52
772.60,5.50,45977.40
772.70,5.00,46199.12
772.80,5.00,46421.15
772.90,5.40,46641.30
773.00,4.50,46864.27
773.10,5.00,47077.55
773.20,5.00,47283.02
773.30,5.00,47488.02
773.40,5.50,47693.02
773.50,5.00,47898.02
773.60,4.50,48102.55
773.70,5.50,48308.65
773.80,5.00,48513.80
773.90,5.50,48718.18
774.00,4.50,48923.18
774.10,5.50,49127.87
774.20,5.00,49332.87
774.30,4.50,49537.40
774.40,5.50,49743.34
774.50,5.00,49948.96
774.60,5.00,50154.43
774.70,5.00,50358.49
774.80,5.50,50563.18
774.90,5.00,50768.65
775.00,4.50,50974.12
775.10,5.00,51179.59
775.20,5.00,51384.74
775.30,5.50,51589.12
775.40,5.00,51794.27
775.50,5.00,51999.27
775.60,5.00,52204.74
775.70,5.00,52410.52
775.80,5.00,52615.37
775.90,5.00,52818.49
776.00,5.00,53021.77
776.10,5.00,53224.59
776.20,5.00,53427.71
776.30,5.00,53630.37
776.40,5.00,53833.18
776.50,5.50,54035.37
776.60,5.00,54238.49
776.70,5.00,54440.99
776.80,5.00,54643.65
776.90,5.50,54653.49
777.00,5.00,54653.49
777.10,5.00,54653.49
777.20,5.00,54653.49
777.30,5.00,54653.49
777.40,5.00,54653.49
777.50,5.00,54653.49
777.60,5.00,54653.49
777.70,5.00,54653.49
777.80,5.00,54653.49
777.90,5.00,54653.49
778.00,5.00,54653.49
778.10,5.00,54653.49
778.20,5.00,54653.49
778.30,5.00,54653.49
778.40,5.00,54653.49
778.50,5.00,54653.49
778.60,5.50,54653.49
778.70,5.00,54653.49
778.80,5.00,54653.49
778.90,5.00,54653.49
779.00,5.00,54653.49
779.10,5.00,54653.49
779.20,5.00,54653.49
779.30,5.00,54653.49
779.40,5.00,54653.49
779.50,5.00,54653.49
779.60,5.00,54653.49
779.70,5.00,54653.49
779.80,5.00,54653.49
779.90,5.00,54653.49
780.00,5.00,54653.49
780.10,5.00,54653.49
780.20,5.00,54653.49
780.30,5.00,54653.49
780.40,5.00,54653.49
780.50,5.00,54653.49
780.60,5.00,54653.49
780.70,5.00,54653.49
780.80,5.00,54653.49
780.90,5.00,54653.49
781.00,5.00,54653.49
781.10,5.00,54653.49
781.20,5.00,54653.49
781.30,5.00,54653.49
781.40,5.00,54653.49
781.50,5.00,54653.49
781.60,5.00,54653.49
781.70,5.00,54653.49
781.80,5.00,54653.49
781.90,5.50,54653.49
782.00,5.00,54653.49
782.10,5.00,54653.49
782.20,5.00,54653.49
782.30,5.00,54653.49
782.40,5.00,54653.49
782.50,5.00,54653.49
782.60,5.00,54653.49
782.70,5.00,54653.49
782.80,5.00,54653.49
782.90,5.00,54653.49
783.00,5.00,54653.49
783.10,5.00,54653.49
783.20,5.00,54653.49
783.30,5.00,54653.49
783.40,5.00,54653.49
783.50,5.00,54653.49
783.60,5.00,54653.49
783.70,5.00,54653.49
783.80,5.00,54653.49
783.90,5.00,54653.49
784.00,5.50,54653.49
784.10,5.00,54653.49
784.20,5.00,54653.49
784.30,5.00,54653.49
784.40,5.00,54653.49
784.50,5.00,54653.49
784.60,5.00,54653.49
784.70,5.00,54653.49
784.80,5.00,54653.49
784.90,5.00,54653.49
785.00,5.50,54653.49
785.10,5.00,54653.49
785.20,5.00,54653.49
785.30,5.00,54653.49
785.40,5.00,54653.49
785.50,5.00,54653.49
785.60,5.00,54653.49
785.70,5.00,54653.49
785.80,5.00,54653.49
785.90,5.00,54653.49
786.00,5.00,54653.49
786.10,5.00,54653.49
786.20,5.50,54653.49
786.30,5.00,54653.49
786.40,5.00,54653.49
786.50,5.00,54653.49
786.60,5.00,54653.49
786.70,5.00,54653.49
786.80,5.00,54653.49
786.90,5.50,54653.49
787.00,5.00,54653.49
787.10,5.00,54653.49
787.20,5.00,54653.49
787.30,5.50,54653.49
787.40,5.00,54653.49
787.50,5.00,54653.49
787.60,5.00,54653.49
787.70,5.00,54653.49
787.80,5.00,54653.49
787.90,5.00,54653.49
788.00,5.00,54653.49
788.10,5.00,54653.49
788.20,5.00,54653.49
788.30,5.00,54653.49
788.40,5.00,54653.49
788.50,5.00,54653.49
788.60,5.00,54653.49
788.70,5.50,54653.49
788.80,5.50,54653.49
788.90,5.00,54653.49
789.00,5.00,54653.49
789.10,5.00,54653.49
789.20,5.00,54653.49
789.30,5.00,54653.49
789.40,5.00,54653.49
789.50,5.50,54653.49
789.60,5.00,54653.49
789.70,5.50,54653.49
789.80,5.00,54653.49
789.90,5.00,54653.49
790.00,5.00,54653.49
790.10,5.00,54653.49
790.20,5.00,54653.49
790.30,5.00,54653.49
790.40,5.00,54653.49
790.50,5.00,54653.49
790.60,5.00,54653.49
790.70,5.50,54653.49
790.80,5.00,54653.49
790.90,5.00,54653.49
791.00,5.00,54653.49
791.10,5.00,54653.49
791.20,5.00,54653.49
791.30,5.00,54653.49
791.40,5.00,54653.49
791.50,5.00,54653.49
791.60,5.00,54653.49
791.70,5.50,54653.49
791.80,5.00,54653.49
791.90,5.00,54653.49
792.00,5.00,54653.49
792.10,5.00,54653.49
792.20,5.00,54653.49
792.30,5.00,54653.49
792.40,5.00,54653.49
792.50,5.00,54653.49
792.60,5.00,54653.49
792.70,5.50,54653.49
792.80,5.00,54653.49
792.90,5.00,54653.49
793.00,5.00,54653.49
793.10,5.00,54653.49
793.20,5.00,54653.49
793.30,5.00,54653.49
793.40,5.00,54653.49
793.50,5.00,54653.49
793.60,5.00,54653.49
793.70,5.50,54653.49
793.80,5.00,54653.49
793.90,5.00,54653.49
794.00,5.00,54653.49
794.10,5.00,54653.49
794.20,5.00,54653.49
794.30,5.00,54653.49
794.40,5.00,54653.49
794.50,5.50,54653.49
794.60,5.00,54653.49
794.70,5.00,54653.49
794.80,5.00,54653.49
794.90,5.00,54653.49
795.00,5.00,54653.49
795.10,5.00,54653.49
795.20,5.00,54653.49
795.30,5.00,54653.49
795.40,5.00,54653.49
795.50,5.00,54653.49
795.60,5.00,54653.49
795.70,5.00,54653.49
795.80,5.00,54653.49
795.90,5.00,54653.49
796.00,5.00,54653.49
796.10,5.50,54653.49
796.20,5.50,54653.49
796.30,5.00,54653.49
796.40,5.00,54653.49
796.50,5.00,54653.49
796.60,5.00,54653.49
796.70,5.00,54653.49
796.80,5.00,54653.49
796.90,5.00,54653.49
797.00,5.00,54653.49
797.10,5.00,54653.49
797.20,5.00,54653.49
797.30,5.00,54653.49
797.40,5.00,54653.49
797.50,5.50,54653.49
797.60,5.00,54653.49
797.70,5.00,54653.49
797.80,5.00,54653.49
797.90,5.00,54653.49
798.00,5.00,54653.49
798.10,5.00,54653.49
798.20,5.00,54653.49
798.30,5.00,54653.49
798.40,5.00,54653.49
798.50,5.00,54653.49
798.60,5.00,54653.49
798.70,5.00,54653.49
798.80,5.00,54653.49
798.90,5.00,54653.49
799.00,5.50,52986.66
799.10,5.00,50827.34
799.20,5.00,48630.14
799.30,5.50,47077.50
799.40,4.50,47567.50
799.50,5.00,48059.50
799.60,5.50,48549.50
799.70,5.00,49041.50
799.80,5.00,49533.50
799.90,5.00,50025.50
800.00,5.00,50517.50
800.10,5.50,51007.50
800.20,5.00,51499.50
800.30,5.50,51987.50
800.40,5.00,52479.50
800.50,5.00,52971.50
800.60,5.00,53463.50
800.70,5.00,53953.50
800.80,5.00,54445.50
800.90,5.50,53365.50
801.00,5.00,51244.05
801.10,5.00,49122.61
801.20,5.00,46973.50
801.30,5.00,47321.50
801.40,5.00,47681.50
801.50,5.00,48039.50
801.60,5.00,48395.50
801.70,7.00,48751.50
801.80,7.00,49105.50
801.90,4.50,49463.50
802.00,5.50,49817.50
802.10,5.00,50173.50
802.20,4.50,50529.50
802.30,5.50,50885.50
802.40,5.00,51245.50
802.50,5.00,51605.50
802.60,5.00,51967.50
802.70,5.50,52329.50
802.80,4.50,52689.50
802.90,5.00,53051.50
803.00,5.50,53413.50
803.10,5.00,53773.50
803.20,5.00,54135.50
803.30,5.00,54497.50
803.40,5.00,54775.84
803.50,5.00,54993.81
803.60,5.00,55209.12
803.70,5.00,55420.53
803.80,5.00,55631.31
803.90,5.00,55842.56
804.00,5.50,56050.84
804.10,5.00,56258.18
804.20,5.00,56466.00
804.30,5.00,56673.96
804.40,5.00,56880.53
804.50,5.00,57088.81
804.60,5.00,57296.93
804.70,5.00,57504.28
804.80,5.00,57712.40
804.90,5.00,57919.59
805.00,5.00,58127.40
805.10,5.50,58335.84
805.20,4.50,58549.59
805.30,5.50,58764.43
805.40,5.00,58978.65
805.50,5.00,59191.93
805.60,5.00,59406.31
805.70,5.00,59620.84
805.80,5.50,59836.00
805.90,5.00,60050.06
806.00,5.00,60265.06
806.10,4.50,60479.75
806.20,5.00,60694.12
806.30,5.50,60908.81
806.40,4.50,61123.50
806.50,5.50,61337.25
806.60,5.00,61551.46
806.70,5.00,61766.15
806.80,5.50,61981.31
806.90,4.50,62194.90
807.00,5.00,62394.12
807.10,5.50,62566.46
807.20,4.50,62738.96
807.30,5.50,62911.15
807.40,4.50,63083.81
807.50,5.50,63255.37
807.60,5.00,63428.65
807.70,5.00,63601.62
807.80,5.00,63773.50
807.90,5.00,63945.53
808.00,5.00,64117.40
808.10,5.50,64289.90
808.20,5.00,64462.09
808.30,5.00,64634.43
808.40,5.00,64807.25
808.50,5.00,64978.81
808.60,5.00,65151.15
808.70,5.50,65323.18
808.80,4.50,65495.06
808.90,5.00,65667.09
809.00,5.50,65838.81
809.10,4.50,66011.31
809.20,5.50,66183.65
809.30,5.00,66356.46
809.40,5.00,66528.50
809.50,5.00,66700.21
809.60,5.00,66872.25
809.70,5.00,67044.43
809.80,5.50,67213.96
809.90,5.00,67386.15
810.00,5.50,67558.34
810.10,5.00,67730.68
810.20,5.00,67903.18
810.30,5.00,68075.06
810.40,4.50,68247.40
810.50,5.50,68419.43
810.60,5.00,68591.78
810.70,5.00,68764.12
810.80,5.50,68936.15
810.90,5.00,69108.50
811.00,5.00,69281.15
811.10,4.50,69453.65
811.20,5.50,69625.68
811.30,5.00,69798.03
811.40,5.00,69971.15
811.50,5.00,70013.50
811.60,5.00,70013.50
811.70,5.50,70013.50
811.80,5.00,70013.50
811.90,5.00,70013.50
812.00,5.00,70013.50
812.10,5.00,70013.50
812.20,5.00,70013.50
812.30,5.00,70013.50
812.40,5.00,70013.50
812.50,5.00,70013.50
812.60,5.00,70013.50
812.70,5.00,70013.50
812.80,5.00,70013.50
812.90,5.00,70013.50
813.00,5.00,70013.50
813.10,5.00,70013.50
813.20,5.00,70013.50
813.30,5.50,70013.50
813.40,5.00,70013.50
813.50,5.00,70013.50
813.60,5.00,70013.50
813.70,5.00,70013.50
813.80,5.00,70013.50
813.90,5.00,70013.50
814.00,5.50,70013.50
814.10,5.00,70013.50
814.20,5.00,70013.50
814.30,5.00,70013.50
814.40,5.00,70013.50
814.50,5.00,70013.50
814.60,5.00,70013.50
814.70,5.00,70013.50
814.80,5.00,70013.50
814.90,5.00,70013.50
815.00,5.00,70013.50
815.10,5.00,70013.50
815.20,5.50,70013.50
815.30,5.00,70013.50
815.40,5.00,70013.50
815.50,5.00,70013.50
815.60,5.00,70013.50
815.70,5.00,70013.50
815.80,5.00,70013.50
815.90,5.00,70013.50
816.00,5.00,70013.50
816.10,5.00,70013.50
816.20,5.50,70013.50
816.30,5.00,70013.50
816.40,5.00,70013.50
816.50,5.00,70013.50
816.60,5.00,70013.50
816.70,5.00,70013.50
816.80,5.00,70013.50
816.90,5.00,70013.50
817.00,5.00,70013.50
817.10,5.00,70013.50
817.20,5.00,70013.50
817.30,5.50,70013.50
817.40,5.00,70013.50
817.50,5.00,70013.50
817.60,5.00,70013.50
817.70,5.00,70013.65
817.80,5.00,70013.65
817.90,5.00,70013.65
818.00,5.00,70013.65
818.10,5.00,70013.65
818.20,5.00,70013.65
818.30,5.50,70013.65
818.40,5.00,70013.65
818.50,5.00,70013.65
818.60,5.00,70013.65
818.70,5.00,70013.65
818.80,5.00,70013.65
818.90,5.00,70013.65
819.00,5.00,70013.65
819.10,5.00,70013.65
819.20,5.00,70013.65
819.30,5.50,70013.65
819.40,5.00,70013.65
819.50,5.00,70013.65
819.60,5.00,70013.65
819.70,5.00,70013.65
819.80,5.00,70013.65
819.90,5.00,70013.65
820.00,5.50,70013.65
820.10,5.50,70013.65
820.20,5.00,70013.65
820.30,5.00,70013.65
820.40,5.00,70013.65
820.50,5.00,70013.65
820.60,5.00,70013.65
820.70,5.50,70013.65
820.80,5.00,70013.65
820.90,5.00,70013.65
821.00,5.00,70013.65
821.10,5.00,70013.65
821.20,5.00,70013.65
821.30,5.00,70013.65
821.40,5.00,70013.65
821.50,5.00,70013.65
821.60,5.00,70013.65
821.70,5.00,70013.65
821.80,5.50,70013.65
821.90,5.00,70013.65
822.00,5.00,70013.65
822.10,5.00,70013.65
822.20,5.00,70013.65
822.30,5.00,70013.65
822.40,5.00,70013.65
822.50,5.00,70013.65
822.60,5.00,70013.65
822.70,5.00,70013.65
822.80,5.00,70013.65
822.90,5.00,70013.65
823.00,5.00,70013.65
823.10,5.00,70013.65
823.20,5.00,70013.65
823.30,5.00,70013.65
823.40,5.00,70013.65
823.50,5.00,70013.65
823.60,5.00,70013.65
823.70,5.00,70013.65
823.80,5.00,70013.65
823.90,5.00,70013.65
824.00,5.00,70013.65
824.10,5.00,70013.65
824.20,5.00,70013.65
824.30,5.50,70013.65
824.40,5.00,70013.65
824.50,5.00,70013.65
824.60,5.00,70013.65
824.70,5.00,70013.65
824.80,5.00,70013.65
824.90,5.00,70013.65
825.00,5.00,70013.65
825.10,5.00,70013.65
825.20,5.00,70013.65
825.30,5.00,70013.65
825.40,5.00,70013.65
825.50,5.00,70013.65
825.60,5.00,70013.65
825.70,5.00,70013.65
825.80,5.00,70013.65
825.90,5.00,70013.65
826.00,5.50,70013.65
826.10,5.00,70013.65
826.20,5.00,70013.65
826.30,5.00,70013.65
826.40,5.00,70013.65
826.50,5.00,70013.65
826.60,5.00,70013.65
826.70,5.00,70013.65
826.80,5.00,70013.65
826.90,5.00,70013.65
827.00,5.00,70013.65
827.10,5.00,70013.65
827.20,5.00,70013.65
827.30,5.00,70013.65
827.40,5.00,70013.65
827.50,5.00,70013.65
827.60,5.00,70013.65
827.70,5.00,70013.65
827.80,5.00,70013.65
827.90,5.00,70013.65
828.00,5.00,70013.65
828.10,5.00,70013.65
828.20,5.00,70013.65
828.30,5.00,70013.65
828.40,5.00,70013.65
828.50,5.00,70013.65
828.60,5.00,70013.65
828.70,5.00,70013.65
828.80,5.00,70013.65
828.90,5.00,70013.65
829.00,5.00,70013.65
829.10,5.00,70013.65
829.20,5.00,70013.65
829.30,5.00,70013.65
829.40,5.00,70013.65
829.50,5.00,70013.65
829.60,5.00,70013.65
829.70,5.00,70013.65
829.80,5.00,70013.65
829.90,5.00,70013.65
830.00,5.00,70013.65
830.10,5.00,70013.65
830.20,5.00,70013.65
830.30,5.50,70013.65
830.40,5.00,70013.65
830.50,5.00,70013.65
830.60,5.00,70013.65
830.70,5.00,70013.65
830.80,5.00,70013.65
830.90,5.00,70013.65
831.00,5.00,70013.65
831.10,5.00,70013.65
831.20,5.00,70013.65
831.30,5.00,70013.65
831.40,5.00,70013.65
831.50,5.00,70013.65
831.60,5.00,70013.65
831.70,5.00,70013.65
831.80,5.00,70013.65
831.90,5.00,70013.65
832.00,5.00,70013.65
832.10,5.00,70013.65
832.20,5.00,70013.65
832.30,5.00,70013.65
832.40,5.00,70013.65
832.50,5.00,70013.65
832.60,5.00,70013.65
832.70,5.00,70013.65
832.80,5.00,70013.65
832.90,5.00,70013.65
833.00,5.00,70013.65
833.10,5.00,70013.65
833.20,5.00,70013.65
833.30,5.00,70013.65
833.40,5.00,70013.65
833.50,5.00,70013.65
833.60,5.00,70013.65
833.70,5.00,70013.65
833.80,5.00,70013.65
833.90,5.00,70013.65
834.00,5.00,70013.65
834.10,5.00,70013.65
834.20,5.00,70013.65
834.30,5.00,70013.65
834.40,5.00,70013.65
834.50,5.00,70013.65
834.60,5.00,70013.65
834.70,4.50,69177.67
834.80,5.50,67210.34
834.90,5.00,65278.32
835.00,5.50,63459.94
835.10,4.50,62499.66
835.20,5.50,62981.66
835.30,4.50,63461.66
835.40,5.50,63941.66
835.50,5.00,64421.66
835.60,4.50,64901.66
835.70,5.50,65381.66
835.80,5.00,65861.66
835.90,5.00,66341.66
836.00,5.50,66823.66
836.10,4.50,67301.66
836.20,5.50,67783.66
836.30,4.50,68263.66
836.40,5.50,68743.66
836.50,5.00,69221.66
836.60,5.00,69701.66
836.70,5.00,69213.66
836.80,5.00,67096.69
836.90,5.00,64937.37
837.00,5.50,62781.66
837.10,4.50,39311.65
837.20,5.50,39709.65
837.30,5.00,40111.65
837.40,5.00,40509.65
837.50,5.00,40909.65
837.60,5.00,41307.65
837.70,5.00,41707.65
837.80,5.00,42107.65
837.90,5.50,42507.65
838.00,4.50,42905.65
838.10,5.00,43303.65
838.20,5.00,43701.65
838.30,5.40,44099.65
838.40,5.00,44499.65
838.50,5.00,44895.65
838.60,5.00,45293.65
838.70,5.00,45693.65
838.80,5.00,46091.65
838.90,5.00,46489.65
839.00,5.00,46889.65
839.10,5.00,31613.64
839.20,5.00,31613.64
839.30,5.00,31613.64
839.40,5.00,31613.64
839.50,5.00,31613.64
839.60,5.00,31613.64
839.70,5.00,31613.64
839.80,5.00,31613.64
839.90,5.00,31613.64
840.00,5.00,31613.64
840.10,5.00,31613.64
840.20,5.00,31613.64
840.30,5.50,31859.64
840.40,4.50,32353.64
840.50,6.00,32845.64
840.60,5.00,33337.64
840.70,5.00,33829.64
840.80,5.00,34321.64
840.90,5.00,34811.64
841.00,5.00,35301.64
841.10,5.50,35793.64
841.20,4.50,36285.64
841.30,5.00,36775.64
841.40,5.00,37269.64
841.50,5.50,37759.64
841.60,5.00,38251.64
841.70,5.00,38743.64
841.80,5.00,39235.64
841.90,5.00,39383.04
842.00,5.00,39527.04
842.10,5.50,39671.04
842.20,4.50,39817.04
842.30,5.50,39961.04
842.40,5.00,40105.04
842.50,5.00,40196.60
842.60,5.00,40196.60
843.07,5.00,8725.46

Total Execution Time,843.1003,seconds
